Event Status,Time,Half,Home Score,Away Score,Home Handicap,Home Handicap Odds,Away Handicap,Away Handicap Odds,Home Handicap 2,Home Handicap 2 Odds,Away Handicap 2,Away Handicap 2 Odds,Over/Under Line,Over Odds,Under Odds,Over/Under Line 2,Over Odds 2,Under Odds 2,1X2 Home,1X2 Draw,1X2 Away
UPCOMING,00:00:01,-,0,0,-0.75,0.89,0.75,0.97,-1.0,-0.85,1.0,0.73,3.25,0.95,0.9,3.5,-0.85,0.71,1.66,4.12,4.5
UPCOMING,09:30:48,-,0,0,-0.75,0.9,0.75,0.96,-1.0,-0.85,1.0,0.72,3.25,0.93,0.91,3.5,-0.87,0.72,1.67,4.12,4.33
UPCOMING,10:30:51,-,0,0,-0.75,0.91,0.75,0.95,-0.5,0.72,0.5,-0.85,3.25,0.93,0.91,3.5,-0.87,0.72,1.67,4.12,4.33
UPCOMING,13:31:07,-,0,0,-0.75,0.89,0.75,-0.99,-1.0,-0.86,1.0,0.76,3.25,0.93,0.95,3.5,-0.87,0.76,1.66,4.23,4.5
UPCOMING,21:01:42,-,0,0,-0.75,0.91,0.75,0.99,-1.0,-0.84,1.0,0.75,3.25,0.88,1.0,3.5,-0.92,0.79,1.68,4.23,4.33
UPCOMING,03:32:18,-,0,0,-0.75,0.89,0.75,-0.99,-1.0,-0.86,1.0,0.76,3.25,0.93,0.95,3.5,-0.87,0.76,1.66,4.23,4.5
UPCOMING,04:02:19,-,0,0,-0.75,0.88,0.75,-0.98,-1.0,-0.87,1.0,0.77,3.25,0.93,0.95,3.5,-0.87,0.76,1.66,4.23,4.57
UPCOMING,05:02:22,-,0,0,-0.75,0.85,0.75,-0.93,-1.0,-0.92,1.0,0.81,3.25,0.87,-0.98,3.5,-0.93,0.81,1.63,4.33,4.57
UPCOMING,06:02:32,-,0,0,-1.0,-0.94,1.0,0.85,-0.75,0.81,0.75,-0.92,3.5,-0.96,0.85,3.25,0.82,-0.94,1.61,4.33,4.7
UPCOMING,07:02:36,-,0,0,-1.0,-0.93,1.0,0.84,-0.75,0.83,0.75,-0.93,3.5,-0.98,0.87,3.25,0.8,-0.92,1.62,4.33,4.57
UPCOMING,07:32:40,-,0,0,-1.0,-0.93,1.0,0.85,-0.75,0.82,0.75,-0.93,3.5,-0.99,0.88,3.25,0.79,-0.91,1.62,4.33,4.7
UPCOMING,09:02:50,-,0,0,-1.0,-0.94,1.0,0.86,-0.75,0.81,0.75,-0.92,3.5,-0.98,0.87,3.25,0.8,-0.92,1.61,4.33,4.7
UPCOMING,09:32:55,-,0,0,-1.0,-0.99,1.0,0.89,-0.75,0.78,0.75,-0.88,3.5,0.97,0.91,3.25,0.76,-0.88,1.59,4.5,4.85
UPCOMING,10:02:58,-,0,0,-1.0,0.97,1.0,0.93,-0.75,0.75,0.75,-0.85,3.5,0.93,0.95,3.75,-0.86,0.75,1.57,4.57,4.85
UPCOMING_30MIN,10:30:03,-,0,0,-1.0,0.94,1.0,0.96,-1.25,-0.84,1.25,0.75,3.5,0.88,-0.99,3.75,-0.93,0.8,1.56,4.57,5.0
UPCOMING_30MIN,10:38:16,-,0,0,-1.0,0.95,1.0,0.95,-0.75,0.74,0.75,-0.84,3.5,0.85,-0.96,3.75,-0.96,0.83,1.56,4.7,4.85
UPCOMING_30MIN,10:39:18,-,0,0,-1.0,0.99,1.0,0.91,-0.75,0.77,0.75,-0.87,3.5,0.85,-0.96,3.75,-0.96,0.83,1.59,4.57,4.7
UPCOMING_30MIN,10:40:19,-,0,0,-1.0,0.98,1.0,0.92,-0.75,0.76,0.75,-0.86,3.5,0.85,-0.96,3.75,-0.96,0.83,1.58,4.57,4.7
UPCOMING_30MIN,10:42:23,-,0,0,-1.0,0.99,1.0,0.91,-0.75,0.77,0.75,-0.87,3.5,0.85,-0.96,3.75,-0.96,0.83,1.59,4.57,4.7
UPCOMING_30MIN,10:43:25,-,0,0,-1.0,-0.98,1.0,0.88,-0.75,0.79,0.75,-0.89,3.5,0.86,-0.97,3.75,-0.94,0.82,1.6,4.57,4.57
UPCOMING_30MIN,10:44:26,-,0,0,-1.0,-0.95,1.0,0.87,-0.75,0.81,0.75,-0.91,3.5,0.86,-0.97,3.75,-0.94,0.82,1.61,4.5,4.57
UPCOMING_30MIN,10:47:31,-,0,0,-1.0,-0.94,1.0,0.86,-0.75,0.81,0.75,-0.92,3.5,0.89,1.0,3.75,-0.92,0.8,1.62,4.5,4.57
UPCOMING_30MIN,10:51:38,-,0,0,-1.0,-0.93,1.0,0.85,-0.75,0.82,0.75,-0.93,3.5,0.9,0.99,3.75,-0.91,0.79,1.62,4.5,4.5
UPCOMING_30MIN,10:52:39,-,0,0,-1.0,-0.98,1.0,0.88,-0.75,0.79,0.75,-0.89,3.5,0.9,0.99,3.75,-0.91,0.79,1.6,4.5,4.7
UPCOMING_30MIN,10:54:43,-,0,0,-1.0,-0.95,1.0,0.87,-0.75,0.8,0.75,-0.91,3.5,0.92,0.96,3.75,-0.88,0.76,1.61,4.5,4.7
UPCOMING_30MIN,10:58:49,-,0,0,-1.0,-0.93,1.0,0.85,-0.75,0.82,0.75,-0.93,3.5,0.91,0.98,3.75,-0.89,0.78,1.62,4.5,4.57
UPCOMING_30MIN,10:59:51,-,0,0,-0.75,0.87,0.75,-0.95,-1.0,-0.9,1.0,0.8,3.5,0.9,0.99,3.75,-0.91,0.79,1.65,4.5,4.33
NOT_STARTED,11:00:53,-,0,0,0,0.0,0,0.0,0,0.0,0,0.0,0,0.0,0.0,0,0.0,0.0,0.0,0.0,0.0
H1_1',11:01:29,1H_1',0,0,-1.0,0.99,1.0,0.81,-0.75,0.74,0.75,-0.95,3.5,0.95,0.89,3.25,0.75,-0.92,1.62,4.33,4.33
H1_1',11:01:39,1H_1',0,0,-1.0,0.96,1.0,0.78,-0.75,0.74,0.75,-0.96,3.5,0.94,0.87,3.25,0.73,-0.93,1.59,4.33,4.57
H1_1',11:02:00,1H_1',0,0,-1.0,0.97,1.0,0.78,-0.75,0.74,0.75,-0.96,3.5,0.94,0.86,3.25,0.74,-0.94,1.59,4.33,4.57
H1_1',11:02:10,1H_1',0,0,-1.0,0.97,1.0,0.77,-0.75,0.75,0.75,-0.98,3.5,0.94,0.87,3.25,0.73,-0.93,1.59,4.33,4.57
H1_2',11:02:31,1H_2',0,0,-1.0,0.98,1.0,0.77,-0.75,0.75,0.75,-0.98,3.5,0.94,0.87,3.25,0.74,-0.94,1.62,4.33,4.5
H1_2',11:02:51,1H_2',0,0,-1.0,0.99,1.0,0.76,-0.75,0.76,0.75,-0.99,3.5,0.98,0.84,3.25,0.76,-0.96,1.63,4.23,4.5
H1_2',11:03:02,1H_2',0,0,-0.75,0.79,0.75,-0.99,-1.0,-0.98,1.0,0.77,3.5,1.0,0.85,3.25,0.78,-0.96,1.64,4.23,4.33
H1_2',11:03:12,1H_2',0,0,-0.75,0.8,0.75,-0.99,-1.0,-0.98,1.0,0.76,3.5,1.0,0.85,3.25,0.78,-0.96,1.65,4.23,4.33
H1_2',11:03:22,1H_2',0,0,-0.75,0.79,0.75,-0.99,-1.0,-0.99,1.0,0.77,3.5,1.0,0.84,3.25,0.78,-0.96,1.64,4.23,4.33
H1_3',11:03:33,1H_3',0,0,-0.75,0.79,0.75,-0.99,-1.0,-0.98,1.0,0.77,3.5,0.99,0.85,3.25,0.78,-0.96,1.64,4.23,4.33
H1_3',11:03:53,1H_3',0,0,-0.75,0.8,0.75,1.0,-1.0,-0.97,1.0,0.76,3.5,-0.98,0.82,3.25,0.79,1.0,1.64,4.23,4.33
H1_3',11:04:24,1H_3',0,0,-0.75,0.79,0.75,-0.98,-1.0,-0.98,1.0,0.76,3.25,0.82,1.0,3.5,-0.98,0.81,1.65,4.23,4.33
H1_3',11:05:26,1H_3',0,0,-0.75,0.8,0.75,1.0,-1.0,-0.96,1.0,0.75,3.25,0.86,0.97,3.5,-0.93,0.76,1.65,4.23,4.33
H1_5',11:05:46,1H_5',0,0,-0.75,0.79,0.75,-0.98,-1.0,-0.98,1.0,0.76,3.25,0.87,0.97,3.5,-0.94,0.76,1.64,4.23,4.33
H1_5',11:06:07,1H_5',0,0,-1.0,-0.99,1.0,0.77,-0.75,0.78,0.75,-0.98,3.25,0.88,0.96,3.5,-0.92,0.75,1.64,4.23,4.5
H1_5',11:06:17,1H_5',0,0,-0.75,0.79,0.75,-0.98,-1.0,-0.99,1.0,0.77,3.25,0.9,0.93,3.5,-0.92,0.74,1.64,4.23,4.5
H1_6',11:06:27,1H_6',0,0,-0.75,0.8,0.75,-0.99,-1.0,-0.96,1.0,0.75,3.25,0.88,0.95,3.5,-0.92,0.74,1.66,4.23,4.33
H1_6',11:06:38,1H_6',0,0,-0.75,0.79,0.75,-0.98,-1.0,-0.98,1.0,0.77,3.25,0.91,0.92,3.5,-0.91,0.73,1.64,4.23,4.5
H1_6',11:06:48,1H_6',0,0,-0.75,0.77,0.75,-0.98,-1.0,-0.97,1.0,0.77,3.25,0.92,0.92,3.5,-0.9,0.72,1.63,4.23,4.5
H1_6',11:06:58,1H_6',0,0,-0.75,0.78,0.75,-0.99,-1.0,-0.97,1.0,0.76,3.25,0.92,0.92,3.5,-0.89,0.73,1.64,4.23,4.33
AWAY_GOAL_6',11:07:09,1H_6',0,1,0,0.0,0,0.0,0,0.0,0,0.0,2.75,0.54,-0.68,2.5,0.44,-0.57,1.63,4.23,4.5
H1_6',11:07:19,1H_6',0,1,0,0.0,0,0.0,0,0.0,0,0.0,0,0.0,0.0,0,0.0,0.0,0.0,0.0,0.0
H1_7',11:07:50,1H_7',0,1,0,0.0,0,0.0,0,0.0,0,0.0,0,0.0,0.0,0,0.0,0.0,2.48,4.0,2.34
H1_7',11:08:10,1H_7',0,1,-1.0,0.96,1.0,0.9,-0.75,0.72,0.75,-0.89,4.25,0.88,0.97,4.5,-0.93,0.76,2.48,4.0,2.35
H1_7',11:08:31,1H_7',0,1,-1.0,0.93,1.0,0.92,-1.25,-0.85,1.25,0.69,4.25,0.89,0.94,4.5,-0.91,0.74,2.47,3.94,2.41
H1_7',11:08:41,1H_7',0,1,-1.0,0.93,1.0,0.91,-1.25,-0.85,1.25,0.69,4.25,0.9,0.93,4.5,-0.91,0.74,2.47,3.94,2.41
H1_8',11:08:51,1H_8',0,1,-1.0,0.94,1.0,0.9,-0.75,0.7,0.75,-0.87,4.25,0.91,0.92,4.5,-0.88,0.72,2.47,3.94,2.4
H1_8',11:09:01,1H_8',0,1,-1.0,0.94,1.0,0.91,-0.75,0.7,0.75,-0.86,4.25,0.91,0.92,4.5,-0.88,0.71,2.47,3.94,2.4
H1_9',11:09:32,1H_9',0,1,-1.0,0.92,1.0,0.92,-1.25,-0.85,1.25,0.69,4.25,0.94,0.89,4.5,-0.86,0.69,2.47,3.94,2.41
H1_9',11:09:42,1H_9',0,1,-1.0,0.91,1.0,0.93,-1.25,-0.85,1.25,0.69,4.25,0.95,0.88,4.5,-0.86,0.69,2.47,3.94,2.42
H1_9',11:09:53,1H_9',0,1,-1.0,0.92,1.0,0.93,-1.25,-0.86,1.25,0.69,4.25,0.97,0.86,4.0,0.71,-0.88,2.47,3.94,2.44
H1_9',11:10:03,1H_9',0,1,-1.0,0.93,1.0,0.91,-1.25,-0.85,1.25,0.69,4.25,0.98,0.86,4.0,0.72,-0.89,2.48,3.94,2.44
H1_10',11:10:34,1H_10',0,1,-1.0,0.93,1.0,0.91,-0.75,0.68,0.75,-0.85,4.25,-0.99,0.84,4.0,0.73,-0.91,2.48,3.94,2.43
H1_10',11:10:44,1H_10',0,1,-1.0,0.92,1.0,0.91,-1.25,-0.85,1.25,0.69,4.25,1.0,0.84,4.0,0.74,-0.91,2.48,3.94,2.44
H1_10',11:10:54,1H_10',0,1,-1.0,0.91,1.0,0.92,-1.25,-0.85,1.25,0.68,4.25,-0.99,0.83,4.0,0.74,-0.91,2.48,3.94,2.44
H1_10',11:11:15,1H_10',0,1,-1.0,0.92,1.0,0.92,-1.25,-0.83,1.25,0.68,4.25,-0.99,0.82,4.0,0.75,-0.93,2.48,3.94,2.44
H1_11',11:11:25,1H_11',0,1,-1.0,0.91,1.0,0.92,-1.25,-0.83,1.25,0.68,4.25,-0.98,0.82,4.0,0.76,-0.94,2.48,3.94,2.44
H1_11',11:11:35,1H_11',0,1,-1.0,0.92,1.0,0.92,-0.75,0.67,0.75,-0.83,4.25,-0.98,0.82,4.0,0.77,-0.96,2.48,3.86,2.45
H1_11',11:11:46,1H_11',0,1,-1.0,0.9,1.0,0.93,-1.25,-0.84,1.25,0.68,4.25,-0.98,0.82,4.0,0.77,-0.95,2.48,3.86,2.45
H1_11',11:11:56,1H_11',0,1,-1.0,0.91,1.0,0.93,-1.25,-0.84,1.25,0.68,4.25,-0.98,0.82,4.0,0.77,-0.95,2.48,3.86,2.45
H1_11',11:12:06,1H_11',0,1,-1.0,0.9,1.0,0.94,-1.25,-0.85,1.25,0.68,4.25,-0.98,0.82,4.0,0.77,-0.95,2.47,3.94,2.45
H1_11',11:12:16,1H_11',0,1,-1.0,0.89,1.0,0.95,-1.25,-0.85,1.25,0.69,4.25,-0.98,0.82,4.0,0.77,-0.95,2.47,3.94,2.45
H1_11',11:12:27,1H_11',0,1,-1.0,0.9,1.0,0.94,-1.25,-0.85,1.25,0.69,4.25,-0.97,0.8,4.0,0.77,-0.95,2.47,3.94,2.45
H1_11',11:12:37,1H_11',0,1,-1.0,0.87,1.0,0.96,-1.25,-0.85,1.25,0.71,4.25,-0.97,0.81,4.0,0.8,-0.96,2.46,3.78,2.43
HOME_GOAL_12',11:12:47,1H_12',1,1,0,0.0,0,0.0,0,0.0,0,0.0,0,0.0,0.0,0,0.0,0.0,0.0,0.0,0.0
H1_12',11:12:57,1H_12',1,1,0,0.0,0,0.0,0,0.0,0,0.0,0,0.0,0.0,0,0.0,0.0,0.0,0.0,0.0
H1_12',11:13:08,1H_12',1,1,-0.75,0.9,0.75,0.99,-1.0,-0.86,1.0,0.74,5.25,-0.96,0.83,5.5,-0.79,0.66,1.65,4.12,4.23
H1_13',11:13:28,1H_13',1,1,-0.75,0.9,0.75,0.99,-1.0,-0.86,1.0,0.74,5.25,-0.96,0.83,5.5,-0.79,0.66,1.65,4.12,4.23
H1_13',11:13:49,1H_13',1,1,-0.75,0.88,0.75,0.98,-1.0,-0.88,1.0,0.72,5.0,0.82,-0.97,5.25,-0.96,0.79,1.65,4.12,4.33
H1_13',11:13:59,1H_13',1,1,-0.75,0.83,0.75,-0.98,-1.0,-0.93,1.0,0.76,5.0,0.85,0.97,5.25,-0.91,0.76,1.64,4.12,4.5
H1_13',11:14:09,1H_13',1,1,-0.75,0.84,0.75,-0.99,-1.0,-0.92,1.0,0.74,5.0,0.89,0.95,5.25,-0.89,0.72,1.64,4.12,4.5
H1_13',11:14:19,1H_13',1,1,-0.75,0.86,0.75,0.98,-1.0,-0.89,1.0,0.72,5.0,0.88,0.96,5.25,-0.89,0.72,1.67,4.12,4.33
H1_14',11:14:30,1H_14',1,1,-0.75,0.86,0.75,0.98,-1.0,-0.89,1.0,0.72,5.0,0.89,0.94,5.25,-0.89,0.72,1.66,4.0,4.33
H1_14',11:14:40,1H_14',1,1,-0.75,0.85,0.75,0.99,-1.0,-0.89,1.0,0.72,5.0,0.91,0.93,5.25,-0.88,0.71,1.66,4.0,4.33
H1_14',11:14:50,1H_14',1,1,-0.75,0.86,0.75,0.99,-1.0,-0.89,1.0,0.72,5.0,0.95,0.88,4.75,0.71,-0.88,1.66,4.0,4.33
H1_14',11:15:00,1H_14',1,1,-0.75,0.87,0.75,0.96,-1.0,-0.87,1.0,0.71,5.0,0.94,0.89,4.75,0.71,-0.88,1.67,4.0,4.33
H1_14',11:15:11,1H_14',1,1,-0.75,0.88,0.75,0.96,-1.0,-0.86,1.0,0.7,5.0,0.92,0.91,4.75,0.7,-0.88,1.69,4.0,4.33
H1_14',11:15:21,1H_14',1,1,-0.75,0.87,0.75,0.98,-1.0,-0.88,1.0,0.71,5.0,0.95,0.88,4.75,0.72,-0.9,1.67,4.0,4.5
H1_15',11:15:41,1H_15',1,1,-0.75,0.88,0.75,0.97,-1.0,-0.87,1.0,0.7,5.0,0.98,0.86,4.75,0.72,-0.89,1.68,4.0,4.33
H1_15',11:15:52,1H_15',1,1,-0.75,0.87,0.75,0.97,-0.5,0.69,0.5,-0.85,5.0,0.97,0.87,4.75,0.73,-0.9,1.68,4.0,4.33
AWAY_GOAL_15',11:16:12,1H_15',1,2,-1.0,0.98,1.0,0.83,-0.75,0.82,0.75,-0.99,6.0,0.92,0.91,5.75,0.68,-0.87,2.72,3.7,2.32
H1_15',11:16:22,1H_15',1,2,-0.25,0.44,0.25,-0.6,0,0.0,0,0.0,5.75,0.72,-0.94,6.25,-0.84,0.64,2.66,3.7,2.31
H1_15',11:16:33,1H_15',1,2,-1.0,-0.99,1.0,0.83,-0.75,0.77,0.75,-0.91,6.0,0.95,0.91,5.75,0.7,-0.88,2.59,3.78,2.33
H1_16',11:17:03,1H_16',1,2,-1.0,0.97,1.0,0.89,-0.75,0.72,0.75,-0.88,6.0,0.96,0.9,5.75,0.71,-0.88,2.54,3.78,2.37
H1_16',11:17:24,1H_16',1,2,-1.0,0.97,1.0,0.87,-0.75,0.73,0.75,-0.9,6.0,0.93,0.9,5.75,0.7,-0.88,2.56,3.78,2.38
H1_17',11:17:34,1H_17',1,2,-1.0,0.98,1.0,0.86,-0.75,0.73,0.75,-0.9,6.0,0.98,0.86,5.75,0.74,-0.91,2.57,3.7,2.38
H1_17',11:17:45,1H_17',1,2,-1.0,0.98,1.0,0.87,-0.75,0.71,0.75,-0.88,6.0,0.99,0.85,5.75,0.74,-0.93,2.56,3.7,2.39
H1_17',11:18:05,1H_17',1,2,-1.0,0.97,1.0,0.87,-0.75,0.71,0.75,-0.88,6.0,1.0,0.84,5.75,0.75,-0.93,2.57,3.7,2.4
H1_17',11:18:26,1H_17',1,2,-1.0,0.95,1.0,0.89,-0.75,0.7,0.75,-0.88,6.0,-0.99,0.83,5.75,0.75,-0.93,2.56,3.7,2.4
H1_18',11:18:36,1H_18',1,2,-1.0,0.95,1.0,0.89,-0.75,0.7,0.75,-0.88,6.0,-0.97,0.8,5.75,0.77,-0.94,2.56,3.7,2.43
H1_18',11:18:46,1H_18',1,2,-1.0,0.96,1.0,0.88,-0.75,0.7,0.75,-0.88,6.0,-0.96,0.8,5.75,0.78,-0.95,2.57,3.7,2.4
H1_18',11:19:07,1H_18',1,2,-1.0,0.95,1.0,0.9,-0.75,0.67,0.75,-0.83,5.75,0.78,-0.96,6.0,-0.94,0.79,2.52,3.7,2.45
H1_18',11:19:17,1H_18',1,2,-1.0,0.91,1.0,0.93,-1.25,-0.84,1.25,0.68,5.75,0.78,-0.96,6.0,-0.95,0.79,2.49,3.7,2.48
H1_19',11:19:27,1H_19',1,2,-1.0,0.91,1.0,0.92,-1.25,-0.83,1.25,0.68,5.75,0.8,-0.96,6.0,-0.93,0.75,2.49,3.7,2.47
H1_19',11:19:37,1H_19',1,2,-1.0,0.91,1.0,0.93,-1.25,-0.84,1.25,0.68,5.75,0.81,-0.97,6.0,-0.93,0.75,2.49,3.7,2.48
H1_19',11:19:58,1H_19',1,2,-1.0,0.91,1.0,0.92,-1.25,-0.83,1.25,0.68,5.75,0.81,-0.98,6.0,-0.93,0.74,2.49,3.7,2.47
H1_19',11:20:08,1H_19',1,2,-1.0,0.89,1.0,0.95,-1.25,-0.85,1.25,0.69,5.75,0.82,-0.98,6.0,-0.92,0.73,2.49,3.7,2.49
H1_19',11:20:18,1H_19',1,2,-1.0,0.88,1.0,0.97,-1.25,-0.87,1.25,0.7,5.75,0.83,-0.99,6.0,-0.91,0.73,2.48,3.7,2.49
H1_20',11:20:29,1H_20',1,2,-1.0,0.87,1.0,0.98,-1.25,-0.86,1.25,0.72,5.75,0.82,-0.98,6.0,-0.91,0.75,2.48,3.7,2.5
AWAY_RED_CARD_20',11:20:49,1H_20',1,2,-1.75,-0.78,1.75,0.73,-1.5,-0.74,1.5,0.59,6.0,0.91,0.89,5.75,0.68,-0.85,2.22,3.78,2.51
H1_20',11:21:00,1H_20',1,2,-1.5,0.99,1.5,0.92,-1.75,-0.78,1.75,0.73,6.0,0.93,0.89,5.75,0.71,-0.88,2.22,3.78,2.5
H1_20',11:21:10,1H_20',1,2,-1.5,-0.99,1.5,0.91,-2.0,0.84,2.0,0.99,6.0,0.93,0.89,5.75,0.72,-0.88,1.87,4.0,4.0
H1_20',11:21:20,1H_20',1,2,-2.0,0.84,2.0,0.99,-2.25,-0.92,2.25,0.75,6.25,0.85,0.98,6.5,-0.95,0.77,1.55,4.33,5.17
H1_21',11:21:31,1H_21',1,2,-2.0,0.91,2.0,0.79,-1.75,0.8,1.75,-0.85,6.25,0.98,0.88,6.5,-0.94,0.76,1.57,4.33,5.0
H1_21',11:21:41,1H_21',1,2,-2.0,0.92,2.0,0.77,-1.75,0.8,1.75,-0.85,6.25,0.98,0.88,6.0,0.73,0.98,1.58,4.33,4.85
H1_21',11:21:51,1H_21',1,2,-1.75,0.81,1.75,-0.97,-2.0,-0.95,2.0,0.78,6.0,0.85,0.97,6.25,-0.9,0.75,1.63,4.0,4.57
H1_21',11:22:02,1H_21',1,2,-1.75,0.82,1.75,-0.98,-2.0,-0.93,2.0,0.76,6.0,0.86,0.98,6.25,-0.91,0.73,1.64,4.0,4.57
H1_21',11:22:12,1H_21',1,2,-1.75,0.83,1.75,-0.99,-2.0,-0.91,2.0,0.74,6.0,0.95,0.89,5.75,0.72,-0.9,1.66,3.94,4.5
H1_21',11:22:22,1H_21',1,2,-1.75,0.86,1.75,0.98,-2.0,-0.88,2.0,0.72,6.0,0.99,0.86,5.75,0.74,-0.92,1.66,3.94,4.5
H1_22',11:22:32,1H_22',1,2,-1.75,0.86,1.75,0.98,-2.0,-0.88,2.0,0.71,6.0,1.0,0.85,5.75,0.75,-0.93,1.66,3.94,4.5
H1_22',11:22:43,1H_22',1,2,-1.75,0.82,1.75,-0.98,-2.0,-0.92,2.0,0.75,6.0,0.99,0.85,5.75,0.75,-0.93,1.65,4.0,4.57
H1_22',11:22:53,1H_22',1,2,-2.0,-0.96,2.0,0.78,-1.75,0.8,1.75,-0.94,6.0,0.96,0.87,5.75,0.71,-0.89,1.63,4.0,4.7
H1_22',11:23:03,1H_22',1,2,-1.75,0.8,1.75,-0.94,-2.0,-0.95,2.0,0.78,6.0,0.96,0.87,5.75,0.73,-0.91,1.63,4.0,4.7
H1_22',11:23:13,1H_22',1,2,-2.0,-0.97,2.0,0.79,-1.75,0.78,1.75,-0.93,6.0,0.97,0.87,5.75,0.73,-0.9,1.63,4.0,4.7
H1_22',11:23:24,1H_22',1,2,-2.0,-0.99,2.0,0.83,-1.75,0.75,1.75,-0.92,6.0,0.98,0.86,5.75,0.73,-0.9,1.61,4.0,4.7
H1_23',11:23:34,1H_23',1,2,-2.0,1.0,2.0,0.84,-1.75,0.75,1.75,-0.93,6.0,0.99,0.85,5.75,0.74,-0.92,1.61,4.0,4.7
H1_23',11:23:44,1H_23',1,2,-2.0,-0.99,2.0,0.83,-1.75,0.75,1.75,-0.93,6.0,1.0,0.84,5.75,0.76,-0.93,1.61,4.0,4.7
H1_23',11:23:54,1H_23',1,2,-2.0,0.99,2.0,0.84,-1.75,0.75,1.75,-0.92,6.0,0.97,0.87,5.75,0.73,-0.91,1.61,4.0,4.85
H1_23',11:24:05,1H_23',1,2,-2.0,0.99,2.0,0.86,-1.75,0.75,1.75,-0.92,6.0,0.97,0.87,5.75,0.73,-0.91,1.61,4.0,4.85
H1_23',11:24:15,1H_23',1,2,-2.0,0.98,2.0,0.85,-1.75,0.72,1.75,-0.9,6.0,0.96,0.87,5.75,0.74,-0.92,1.61,4.0,4.85
H1_24',11:24:25,1H_24',1,2,-2.0,0.97,2.0,0.86,-1.75,0.72,1.75,-0.9,6.0,0.96,0.87,5.75,0.73,-0.9,1.58,4.12,5.0
H1_24',11:24:46,1H_24',1,2,-2.0,0.97,2.0,0.87,-1.75,0.72,1.75,-0.9,6.0,0.96,0.87,5.75,0.74,-0.88,1.58,4.12,5.0
H1_24',11:25:17,1H_24',1,2,-2.0,0.96,2.0,0.88,-1.75,0.71,1.75,-0.88,6.0,0.96,0.86,5.75,0.71,-0.88,1.58,4.12,5.0
H1_25',11:25:27,1H_25',1,2,-2.0,0.96,2.0,0.88,-1.75,0.7,1.75,-0.86,6.0,0.95,0.88,5.75,0.7,-0.88,1.58,4.12,5.0
H1_25',11:25:47,1H_25',1,2,-2.0,0.97,2.0,0.87,-1.75,0.7,1.75,-0.88,6.0,0.97,0.87,5.75,0.72,-0.89,1.59,4.12,5.0
H1_25',11:26:08,1H_25',1,2,-2.0,0.95,2.0,0.89,-1.75,0.69,1.75,-0.87,6.0,0.94,0.9,5.75,0.7,-0.87,1.58,4.12,5.0
H1_26',11:26:29,1H_26',1,2,-2.0,0.94,2.0,0.9,-1.75,0.7,1.75,-0.87,6.0,0.91,0.92,5.75,0.68,-0.85,1.59,4.12,5.0
H1_26',11:26:39,1H_26',1,2,-2.0,0.93,2.0,0.91,-1.75,0.69,1.75,-0.85,6.0,0.89,0.95,6.25,-0.88,0.7,1.58,4.12,5.0
H1_26',11:27:10,1H_26',1,2,-2.0,0.95,2.0,0.89,-1.75,0.69,1.75,-0.87,6.0,0.93,0.9,6.25,-0.86,0.7,1.59,4.12,5.0
H1_26',11:27:20,1H_26',1,2,-2.0,0.94,2.0,0.9,-1.75,0.69,1.75,-0.87,6.0,0.94,0.9,5.75,0.69,-0.87,1.58,4.12,5.0
H1_26',11:28:01,1H_26',1,2,-2.0,0.93,2.0,0.91,-1.75,0.7,1.75,-0.86,6.0,0.95,0.88,5.75,0.7,-0.87,1.56,4.23,5.17
H1_27',11:28:11,1H_27',1,2,-2.0,0.94,2.0,0.9,-1.75,0.7,1.75,-0.86,6.0,0.94,0.89,5.75,0.7,-0.87,1.56,4.23,5.17
H1_27',11:28:21,1H_27',1,2,-2.0,0.95,2.0,0.89,-1.75,0.7,1.75,-0.87,6.0,0.95,0.88,5.75,0.7,-0.87,1.57,4.23,5.17
H1_27',11:28:32,1H_27',1,2,-2.0,0.94,2.0,0.9,-1.75,0.69,1.75,-0.87,6.0,0.95,0.88,5.75,0.7,-0.87,1.56,4.23,5.17
H1_28',11:28:42,1H_28',1,2,-2.0,0.95,2.0,0.89,-1.75,0.69,1.75,-0.87,6.0,0.95,0.89,5.75,0.7,-0.87,1.56,4.23,5.17
H1_29',11:29:33,1H_29',1,2,-2.0,0.96,2.0,0.88,-1.75,0.7,1.75,-0.87,6.0,0.98,0.86,5.75,0.72,-0.9,1.57,4.0,5.17
H1_29',11:30:14,1H_29',1,2,-2.0,0.97,2.0,0.86,-1.75,0.71,1.75,-0.88,6.0,-0.97,0.81,5.75,0.75,-0.93,1.58,4.12,5.17
H1_29',11:30:24,1H_29',1,2,-2.0,0.98,2.0,0.85,-1.75,0.73,1.75,-0.9,6.0,-0.96,0.81,5.75,0.74,-0.93,1.58,4.0,5.0
H1_30',11:30:35,1H_30',1,2,-2.0,1.0,2.0,0.85,-1.75,0.74,1.75,-0.91,6.0,-0.96,0.8,5.75,0.77,-0.94,1.59,4.0,5.0
H1_30',11:30:46,1H_30',1,2,-2.0,0.99,2.0,0.85,-1.75,0.74,1.75,-0.91,5.75,0.8,-0.96,6.0,-0.95,0.77,1.59,4.0,5.0
H1_30',11:30:56,1H_30',1,2,-2.0,-0.99,2.0,0.84,-1.75,0.74,1.75,-0.91,5.75,0.82,-0.98,6.0,-0.93,0.76,1.59,4.0,4.85
H1_30',11:31:06,1H_30',1,2,-2.0,-0.99,2.0,0.83,-1.75,0.76,1.75,-0.94,5.75,0.82,-0.98,6.0,-0.94,0.76,1.6,4.0,5.0
H1_30',11:31:17,1H_30',1,2,-2.0,-0.98,2.0,0.82,-1.75,0.76,1.75,-0.94,5.75,0.83,-0.99,6.0,-0.93,0.76,1.59,3.94,5.0
H1_30',11:31:27,1H_30',1,2,-2.0,-0.97,2.0,0.82,-1.75,0.77,1.75,-0.94,5.75,0.83,-0.99,6.0,-0.93,0.75,1.59,3.94,5.0
H1_31',11:31:37,1H_31',1,2,-2.0,-0.97,2.0,0.82,-1.75,0.77,1.75,-0.94,5.75,0.83,-0.99,6.0,-0.93,0.75,1.59,4.0,5.0
H1_31',11:32:18,1H_31',1,2,-2.0,-0.96,2.0,0.81,-1.75,0.77,1.75,-0.94,5.75,0.86,0.98,6.0,-0.91,0.72,1.6,3.94,5.0
H1_32',11:32:28,1H_32',1,2,-2.0,-0.96,2.0,0.8,-1.75,0.78,1.75,-0.95,5.75,0.87,0.97,6.0,-0.89,0.71,1.61,3.94,4.85
H1_32',11:32:39,1H_32',1,2,-2.0,-0.97,2.0,0.81,-1.75,0.76,1.75,-0.94,5.75,0.85,0.99,6.0,-0.91,0.73,1.6,4.0,5.0
H1_32',11:33:10,1H_32',1,2,-2.0,-0.96,2.0,0.8,-1.75,0.78,1.75,-0.95,5.75,0.89,0.95,6.0,-0.86,0.69,1.6,3.94,5.0
H1_32',11:33:20,1H_32',1,2,-1.75,0.81,1.75,-0.96,-2.0,-0.95,2.0,0.77,5.75,0.9,0.93,5.5,0.69,-0.86,1.61,3.94,5.0
H1_33',11:33:30,1H_33',1,2,-1.75,0.81,1.75,-0.97,-2.0,-0.94,2.0,0.77,5.75,0.9,0.93,6.0,-0.86,0.69,1.62,3.94,5.0
H1_33',11:33:51,1H_33',1,2,-1.75,0.84,1.75,1.0,-2.0,-0.91,2.0,0.73,5.75,0.92,0.92,5.5,0.7,-0.87,1.63,3.94,4.85
H1_33',11:34:01,1H_33',1,2,-1.75,0.84,1.75,-0.99,-2.0,-0.91,2.0,0.74,5.75,0.91,0.92,5.5,0.69,-0.87,1.63,3.94,4.85
H1_33',11:34:11,1H_33',1,2,-1.75,0.85,1.75,0.99,-2.0,-0.89,2.0,0.72,5.75,0.92,0.93,5.5,0.71,-0.89,1.64,3.94,4.85
H1_34',11:34:32,1H_34',1,2,-1.75,0.86,1.75,0.98,-2.0,-0.88,2.0,0.71,5.75,0.96,0.88,5.5,0.73,-0.91,1.64,3.94,4.85
H1_34',11:34:42,1H_34',1,2,-1.75,0.88,1.75,0.96,-2.0,-0.88,2.0,0.71,5.75,0.94,0.89,5.5,0.72,-0.9,1.65,3.86,4.7
H1_34',11:34:52,1H_34',1,2,-1.75,0.9,1.75,0.94,-1.5,0.69,1.5,-0.85,5.75,0.96,0.87,5.5,0.74,-0.92,1.67,3.86,4.57
H1_34',11:35:02,1H_34',1,2,-1.75,0.89,1.75,0.96,-1.5,0.68,1.5,-0.85,5.75,0.96,0.88,5.5,0.74,-0.92,1.67,3.86,4.57
H1_34',11:35:13,1H_34',1,2,-1.75,0.91,1.75,0.93,-1.5,0.69,1.5,-0.86,5.75,0.99,0.84,5.5,0.77,-0.94,1.69,3.78,4.57
H1_34',11:35:23,1H_34',1,2,-1.75,0.94,1.75,0.9,-1.5,0.72,1.5,-0.88,5.75,1.0,0.85,5.5,0.79,-0.95,1.69,3.78,4.5
H1_35',11:35:33,1H_35',1,2,-1.75,0.93,1.75,0.91,-1.5,0.71,1.5,-0.88,5.75,1.0,0.84,5.5,0.79,-0.95,1.69,3.78,4.5
H1_35',11:35:44,1H_35',1,2,-1.75,0.94,1.75,0.9,-1.5,0.71,1.5,-0.88,5.75,-0.98,0.82,5.5,0.79,-0.97,1.69,3.78,4.5
H1_35',11:36:25,1H_35',1,2,-1.75,0.95,1.75,0.89,-1.5,0.72,1.5,-0.88,5.5,0.84,0.99,5.75,-0.94,0.76,1.71,3.7,4.5
H1_36',11:36:35,1H_36',1,2,-1.75,0.95,1.75,0.89,-1.5,0.72,1.5,-0.88,5.5,0.85,0.99,5.75,-0.93,0.76,1.71,3.7,4.5
H1_36',11:36:45,1H_36',1,2,-1.75,0.94,1.75,0.9,-1.5,0.7,1.5,-0.86,5.5,0.85,0.99,5.75,-0.94,0.76,1.71,3.7,4.5
H1_36',11:36:56,1H_36',1,2,-1.75,0.92,1.75,0.92,-1.5,0.68,1.5,-0.85,5.5,0.86,0.98,5.75,-0.93,0.75,1.71,3.7,4.57
H1_36',11:37:06,1H_36',1,2,-1.75,0.92,1.75,0.91,-1.5,0.67,1.5,-0.84,5.5,0.86,0.97,5.75,-0.92,0.74,1.7,3.7,4.57
H1_36',11:37:26,1H_36',1,2,-1.75,0.93,1.75,0.91,-1.5,0.67,1.5,-0.84,5.5,0.87,0.97,5.75,-0.91,0.74,1.7,3.7,4.5
H1_36',11:37:37,1H_36',1,2,-1.75,0.92,1.75,0.91,-1.5,0.67,1.5,-0.84,5.5,0.89,0.94,5.75,-0.89,0.72,1.7,3.7,4.5
H1_36',11:37:47,1H_36',1,2,-1.75,0.91,1.75,0.93,-1.5,0.66,1.5,-0.83,5.5,0.9,0.93,5.75,-0.88,0.71,1.68,3.7,4.57
H1_37',11:37:57,1H_37',1,2,-1.75,0.91,1.75,0.93,-1.5,0.67,1.5,-0.83,5.5,0.92,0.92,5.75,-0.87,0.7,1.69,3.7,4.5
H1_37',11:38:07,1H_37',1,2,-1.75,0.92,1.75,0.92,-1.5,0.69,1.5,-0.85,5.5,0.92,0.92,5.75,-0.87,0.7,1.7,3.7,4.5
H1_37',11:38:18,1H_37',1,2,-1.75,0.91,1.75,0.93,-1.5,0.68,1.5,-0.85,5.5,0.94,0.89,5.75,-0.86,0.69,1.7,3.7,4.5
H1_37',11:38:28,1H_37',1,2,-1.75,0.9,1.75,0.94,-1.5,0.68,1.5,-0.85,5.5,0.94,0.89,5.75,-0.86,0.69,1.69,3.7,4.5
H1_38',11:38:38,1H_38',1,2,-1.75,0.89,1.75,0.94,-1.5,0.67,1.5,-0.84,5.5,0.95,0.89,5.25,0.68,-0.85,1.69,3.7,4.5
H1_38',11:38:49,1H_38',1,2,-1.75,0.89,1.75,0.95,-1.5,0.68,1.5,-0.85,5.5,0.94,0.9,5.75,-0.85,0.68,1.69,3.7,4.5
H1_38',11:38:59,1H_38',1,2,-1.75,0.91,1.75,0.93,-1.5,0.68,1.5,-0.85,5.5,0.95,0.88,5.25,0.68,-0.86,1.7,3.63,4.57
H1_38',11:39:19,1H_38',1,2,-1.75,0.9,1.75,0.94,-1.5,0.69,1.5,-0.85,5.5,0.96,0.87,5.25,0.69,-0.87,1.7,3.63,4.57
H1_39',11:39:40,1H_39',1,2,-1.75,0.91,1.75,0.93,-1.5,0.69,1.5,-0.86,5.5,0.98,0.86,5.25,0.71,-0.88,1.7,3.63,4.57
H1_39',11:40:01,1H_39',1,2,-1.75,0.92,1.75,0.92,-1.5,0.69,1.5,-0.86,5.5,0.98,0.85,5.25,0.72,-0.9,1.72,3.63,4.57
H1_39',11:40:21,1H_39',1,2,-1.75,0.91,1.75,0.93,-1.5,0.68,1.5,-0.85,5.5,0.99,0.85,5.25,0.73,-0.9,1.71,3.63,4.7
H1_39',11:40:32,1H_39',1,2,-1.75,0.9,1.75,0.94,-1.5,0.68,1.5,-0.85,5.5,0.99,0.85,5.25,0.73,-0.9,1.71,3.63,4.7
H1_40',11:40:42,1H_40',1,2,-1.75,0.92,1.75,0.92,-1.5,0.7,1.5,-0.86,5.5,-0.99,0.83,5.25,0.75,-0.93,1.72,3.63,4.57
H1_40',11:40:52,1H_40',1,2,-1.75,0.95,1.75,0.9,-1.5,0.72,1.5,-0.89,5.5,-0.96,0.8,5.25,0.77,-0.95,1.72,3.63,4.57
H1_40',11:41:13,1H_40',1,2,-1.75,0.96,1.75,0.88,-1.5,0.72,1.5,-0.89,5.25,0.8,-0.96,5.5,-0.96,0.78,1.72,3.63,4.57
H1_40',11:41:23,1H_40',1,2,-1.75,0.95,1.75,0.89,-1.5,0.71,1.5,-0.88,5.25,0.82,-0.97,5.5,-0.96,0.78,1.72,3.63,4.57
H1_41',11:41:33,1H_41',1,2,-1.75,0.97,1.75,0.88,-1.5,0.73,1.5,-0.9,5.25,0.83,-0.98,5.5,-0.94,0.76,1.72,3.63,4.5
H1_41',11:41:54,1H_41',1,2,-1.75,0.97,1.75,0.87,-1.5,0.75,1.5,-0.92,5.25,0.83,-0.99,5.5,-0.93,0.76,1.74,3.56,4.5
H1_41',11:42:14,1H_41',1,2,-1.75,0.98,1.75,0.87,-1.5,0.75,1.5,-0.92,5.25,0.84,-0.99,5.5,-0.93,0.75,1.74,3.56,4.5
H1_42',11:42:35,1H_42',1,2,-1.75,0.98,1.75,0.87,-1.5,0.75,1.5,-0.92,5.25,0.85,0.99,5.5,-0.93,0.75,1.75,3.56,4.5
H1_42',11:42:56,1H_42',1,2,-1.75,0.98,1.75,0.86,-1.5,0.75,1.5,-0.93,5.25,0.87,0.96,5.5,-0.9,0.72,1.75,3.56,4.5
H1_43',11:43:26,1H_43',1,2,-1.75,1.0,1.75,0.84,-1.5,0.76,1.5,-0.93,5.25,0.91,0.94,5.5,-0.88,0.71,1.76,3.56,4.5
H1_43',11:43:57,1H_43',1,2,-1.75,-0.98,1.75,0.83,-1.5,0.77,1.5,-0.95,5.25,0.92,0.91,5.5,-0.87,0.69,1.77,3.5,4.33
H1_44',11:44:28,1H_44',1,2,-1.75,-0.98,1.75,0.83,-1.5,0.78,1.5,-0.95,5.25,0.91,0.92,5.5,-0.86,0.69,1.78,3.5,4.33
H1_44',11:45:09,1H_44',1,2,-1.75,-0.97,1.75,0.81,-1.5,0.78,1.5,-0.96,5.25,0.95,0.88,5.5,-0.84,0.67,1.78,3.5,4.5
H1_45',11:45:30,1H_45',1,2,-1.75,-0.97,1.75,0.81,-1.5,0.78,1.5,-0.96,5.25,0.95,0.88,5.5,-0.83,0.67,1.78,3.5,4.5
H1_45',11:45:40,1H_45',1,2,-1.75,-0.96,1.75,0.81,-1.5,0.79,1.5,-0.96,5.25,0.97,0.87,5.5,-0.83,0.67,1.78,3.5,4.5
H1_45',11:46:21,1H_45',1,2,-1.5,0.82,1.5,-0.98,-1.75,-0.95,1.75,0.77,5.25,1.0,0.84,5.0,0.7,-0.87,1.8,3.44,4.33
H1_46',11:46:32,1H_46',1,2,-1.5,0.82,1.5,-0.98,-1.75,-0.95,1.75,0.77,5.25,-0.99,0.84,5.0,0.71,-0.88,1.8,3.44,4.33
H1_46',11:47:02,1H_46',1,2,-1.5,0.83,1.5,-0.98,-1.75,-0.93,1.75,0.76,5.25,-0.97,0.81,5.0,0.71,-0.89,1.81,3.44,4.33
H1_46',11:47:23,1H_46',1,2,-1.5,0.84,1.5,0.99,-1.75,-0.93,1.75,0.76,5.25,-0.95,0.8,5.0,0.74,-0.91,1.81,3.38,4.23
H1_47',11:47:33,1H_47',1,2,-1.5,0.85,1.5,0.99,-1.75,-0.92,1.75,0.75,5.25,-0.96,0.8,5.0,0.74,-0.91,1.82,3.44,4.23
H1_47',11:47:43,1H_47',1,2,-1.5,0.85,1.5,1.0,-1.75,-0.92,1.75,0.75,5.25,-0.96,0.8,5.0,0.73,-0.9,1.82,3.44,4.23
H1_47',11:47:54,1H_47',1,2,-1.5,0.85,1.5,0.99,-1.75,-0.92,1.75,0.75,5.25,-0.95,0.79,5.0,0.73,-0.91,1.82,3.44,4.23
H1_47',11:48:25,1H_47',1,2,-1.5,0.85,1.5,0.98,-1.75,-0.92,1.75,0.73,5.0,0.76,-0.94,5.25,-0.93,0.77,1.82,3.38,4.23
H1_48',11:48:35,1H_48',1,2,-1.5,0.85,1.5,0.99,-1.75,-0.91,1.75,0.74,5.0,0.76,-0.95,5.25,-0.93,0.77,1.83,3.38,4.23
H1_48',11:49:16,1H_48',1,2,-1.5,0.86,1.5,0.98,-1.75,-0.9,1.75,0.74,5.0,0.8,-0.96,5.25,-0.92,0.73,1.84,3.38,4.33
HT_BREAK,11:49:26,Half_Time,1,2,-1.5,0.86,1.5,0.98,-1.75,-0.88,1.75,0.72,5.0,0.8,-0.96,5.25,-0.92,0.73,1.84,3.38,4.23
HT_BREAK,11:49:47,Half_Time,1,2,-1.5,0.85,1.5,0.99,-1.75,-0.9,1.75,0.73,5.0,0.8,-0.95,5.25,-0.92,0.73,1.84,3.33,4.23
HT_BREAK,11:50:07,Half_Time,1,2,-1.5,0.84,1.5,1.0,-1.75,-0.91,1.75,0.74,5.0,0.79,-0.93,5.25,-0.93,0.74,1.83,3.33,4.33
HT_BREAK,11:51:30,Half_Time,1,2,-1.5,0.83,1.5,-0.99,-1.75,-0.93,1.75,0.74,5.0,0.78,-0.93,5.25,-0.92,0.73,1.82,3.33,4.33
H2_1',12:04:32,2H_1',1,2,-1.5,0.83,1.5,-0.99,-1.75,-0.93,1.75,0.75,5.0,0.78,-0.94,5.25,-0.93,0.74,1.82,3.33,4.5
H2_1',12:04:53,2H_1',1,2,-1.5,0.84,1.5,-0.99,-1.75,-0.89,1.75,0.74,5.0,0.79,-0.93,5.25,-0.9,0.75,1.83,3.27,4.33
H2_1',12:05:13,2H_1',1,2,-1.5,0.85,1.5,0.99,-1.75,-0.88,1.75,0.74,5.0,0.79,-0.94,5.25,-0.9,0.75,1.84,3.27,4.33
H2_1',12:05:34,2H_1',1,2,-1.5,0.84,1.5,1.0,-1.75,-0.88,1.75,0.73,5.0,0.79,-0.95,5.25,-0.89,0.73,1.84,3.27,4.33
H2_1',12:05:44,2H_1',1,2,-1.5,0.83,1.5,-0.99,-1.75,-0.88,1.75,0.74,5.0,0.79,-0.95,5.25,-0.89,0.73,1.84,3.27,4.33
H2_1',12:06:05,2H_1',1,2,-1.5,0.84,1.5,1.0,-1.75,-0.91,1.75,0.74,5.0,0.81,-0.97,5.25,-0.9,0.72,1.84,3.33,4.33
H2_1',12:06:15,2H_1',1,2,-1.5,0.83,1.5,1.0,-1.75,-0.89,1.75,0.72,5.0,0.81,-0.97,5.25,-0.9,0.72,1.84,3.33,4.5
H2_1',12:06:25,2H_1',1,2,-1.5,0.84,1.5,0.99,-1.75,-0.89,1.75,0.72,5.0,0.81,-0.98,5.25,-0.89,0.71,1.84,3.33,4.5
H2_2',12:06:35,2H_2',1,2,-1.5,0.86,1.5,0.98,-1.75,-0.88,1.75,0.72,5.0,0.82,-0.99,5.25,-0.88,0.71,1.84,3.27,4.33
H2_2',12:06:46,2H_2',1,2,-1.5,0.86,1.5,0.99,-1.75,-0.89,1.75,0.72,5.0,0.82,-0.99,5.25,-0.88,0.71,1.84,3.27,4.33
H2_2',12:07:06,2H_2',1,2,-1.5,0.86,1.5,0.98,-1.75,-0.88,1.75,0.71,5.0,0.84,1.0,5.25,-0.88,0.71,1.84,3.33,4.33
H2_2',12:07:27,2H_2',1,2,-1.5,0.87,1.5,0.97,-1.75,-0.87,1.75,0.7,5.0,0.84,1.0,5.25,-0.87,0.69,1.86,3.27,4.33
H2_3',12:07:37,2H_3',1,2,-1.5,0.88,1.5,0.96,-1.75,-0.87,1.75,0.7,5.0,0.85,0.98,5.25,-0.86,0.69,1.86,3.27,4.33
H2_3',12:07:47,2H_3',1,2,-1.5,0.87,1.5,0.97,-1.75,-0.88,1.75,0.7,5.0,0.84,1.0,5.25,-0.88,0.71,1.85,3.27,4.23
H2_3',12:08:08,2H_3',1,2,-1.5,0.87,1.5,0.96,-1.75,-0.88,1.75,0.7,5.0,0.87,0.97,5.25,-0.85,0.68,1.85,3.27,4.33
H2_3',12:08:18,2H_3',1,2,-1.5,0.87,1.5,0.97,-1.75,-0.88,1.75,0.71,5.0,0.88,0.96,5.25,-0.85,0.68,1.85,3.27,4.33
H2_4',12:08:29,2H_4',1,2,-1.5,0.87,1.5,0.97,-1.75,-0.87,1.75,0.7,5.0,0.87,0.97,5.25,-0.84,0.68,1.87,3.27,4.33
H2_4',12:08:39,2H_4',1,2,-1.5,0.87,1.5,0.96,-1.75,-0.88,1.75,0.71,5.0,0.84,1.0,5.25,-0.87,0.69,1.85,3.27,4.33
H2_4',12:08:49,2H_4',1,2,-1.5,0.87,1.5,0.97,-1.75,-0.88,1.75,0.71,5.0,0.84,1.0,5.25,-0.88,0.7,1.85,3.27,4.33
H2_4',12:09:20,2H_4',1,2,-1.5,0.87,1.5,0.96,-1.75,-0.88,1.75,0.71,5.0,0.84,1.0,5.25,-0.88,0.71,1.88,3.27,4.23
H2_5',12:09:30,2H_5',1,2,-1.5,0.87,1.5,0.96,-1.75,-0.88,1.75,0.71,5.0,0.85,0.99,5.25,-0.86,0.69,1.89,3.27,4.23
H2_5',12:09:40,2H_5',1,2,-1.5,0.88,1.5,0.96,-1.75,-0.86,1.75,0.7,5.0,0.86,0.97,5.25,-0.85,0.68,1.89,3.27,4.23
H2_5',12:09:51,2H_5',1,2,-1.5,0.9,1.5,0.95,-1.75,-0.86,1.75,0.69,5.0,0.88,0.96,5.25,-0.84,0.68,1.89,3.22,4.23
H2_5',12:10:01,2H_5',1,2,-1.5,0.89,1.5,0.95,-1.75,-0.86,1.75,0.69,5.0,0.89,0.95,5.25,-0.83,0.67,1.89,3.22,4.23
H2_5',12:10:11,2H_5',1,2,-1.5,0.9,1.5,0.94,-1.75,-0.85,1.75,0.69,5.0,0.89,0.94,5.25,-0.83,0.66,1.9,3.22,4.23
H2_5',12:10:22,2H_5',1,2,-1.5,0.91,1.5,0.93,-1.75,-0.85,1.75,0.69,5.0,0.91,0.93,5.25,-0.82,0.66,1.9,3.22,4.23
H2_6',12:10:32,2H_6',1,2,-1.5,0.91,1.5,0.93,-1.75,-0.85,1.75,0.69,5.0,0.92,0.92,4.75,0.65,-0.82,1.91,3.17,4.23
H2_6',12:11:13,2H_6',1,2,-1.5,0.92,1.5,0.92,-1.75,-0.81,1.75,0.66,5.0,0.95,0.88,4.75,0.65,-0.81,1.91,3.17,4.23
H2_6',12:11:23,2H_6',1,2,-1.5,0.94,1.5,0.9,-1.25,0.66,1.25,-0.81,5.0,0.98,0.85,4.75,0.67,-0.84,1.9,3.17,4.12
H2_7',12:11:44,2H_7',1,2,-1.5,0.94,1.5,0.9,-1.25,0.66,1.25,-0.82,5.0,0.99,0.84,4.75,0.69,-0.85,1.91,3.17,4.23
H2_7',12:12:05,2H_7',1,2,-1.5,0.95,1.5,0.89,-1.25,0.66,1.25,-0.82,5.0,-0.98,0.82,4.75,0.7,-0.88,1.92,3.17,4.23
H2_7',12:12:15,2H_7',1,2,-1.5,0.95,1.5,0.88,-1.25,0.67,1.25,-0.83,5.0,-0.97,0.8,4.75,0.72,-0.9,1.92,3.17,4.23
H2_8',12:12:36,2H_8',1,2,-1.5,0.96,1.5,0.88,-1.25,0.67,1.25,-0.83,5.0,-0.93,0.78,4.75,0.74,-0.91,1.94,3.13,4.12
H2_8',12:12:46,2H_8',1,2,-1.5,0.97,1.5,0.88,-1.25,0.68,1.25,-0.85,5.0,-0.92,0.77,4.75,0.75,-0.93,1.95,3.13,4.12
H2_8',12:12:56,2H_8',1,2,-1.5,1.0,1.5,0.84,-1.25,0.69,1.25,-0.86,4.75,0.78,-0.93,5.0,-0.91,0.73,1.98,3.13,4.0
H2_8',12:13:06,2H_8',1,2,-1.5,-0.97,1.5,0.82,-1.25,0.7,1.25,-0.88,4.75,0.78,-0.93,5.0,-0.91,0.73,2.0,3.08,4.0
H2_8',12:13:17,2H_8',1,2,-1.5,-0.99,1.5,0.82,-1.25,0.68,1.25,-0.85,4.75,0.78,-0.93,5.0,-0.93,0.74,1.98,3.08,4.12
H2_9',12:13:47,2H_9',1,2,-1.5,-0.99,1.5,0.83,-1.25,0.7,1.25,-0.87,4.75,0.78,-0.94,5.0,-0.92,0.74,2.0,3.08,4.0
H2_9',12:14:08,2H_9',1,2,-1.5,-0.99,1.5,0.82,-1.25,0.7,1.25,-0.87,4.75,0.78,-0.95,5.0,-0.89,0.72,2.0,3.08,4.0
H2_9',12:14:18,2H_9',1,2,-1.5,-0.97,1.5,0.82,-1.25,0.72,1.25,-0.88,4.75,0.8,-0.96,5.0,-0.88,0.71,2.01,3.08,4.0
H2_9',12:14:29,2H_9',1,2,-1.5,-0.95,1.5,0.78,-1.25,0.76,1.25,-0.91,4.75,0.82,-0.97,5.0,-0.88,0.7,2.05,3.04,3.94
H2_10',12:14:39,2H_10',1,2,-1.5,-0.95,1.5,0.77,-1.25,0.76,1.25,-0.91,4.75,0.82,-0.98,5.0,-0.86,0.7,2.05,3.04,3.94
H2_10',12:14:49,2H_10',1,2,-1.5,-0.94,1.5,0.77,-1.25,0.76,1.25,-0.91,4.75,0.82,-0.98,5.0,-0.88,0.69,2.05,3.04,3.94
H2_10',12:14:59,2H_10',1,2,-1.25,0.77,1.25,-0.93,-1.5,-0.93,1.5,0.76,4.75,0.85,0.99,5.0,-0.81,0.65,2.06,3.0,3.86
H2_10',12:15:10,2H_10',1,2,-1.25,0.78,1.25,-0.93,-1.5,-0.93,1.5,0.76,4.75,0.86,0.97,4.5,0.65,-0.81,2.06,3.0,3.86
H2_11',12:15:30,2H_11',1,2,-1.25,0.77,1.25,-0.93,-1.5,-0.93,1.5,0.75,4.75,0.88,0.96,4.5,0.65,-0.82,2.06,3.0,3.86
H2_11',12:15:41,2H_11',1,2,-1.25,0.8,1.25,-0.95,-1.5,-0.92,1.5,0.74,4.75,0.9,0.94,4.5,0.66,-0.83,2.08,3.0,3.78
H2_11',12:15:51,2H_11',1,2,-1.25,0.82,1.25,-0.97,-1.5,-0.91,1.5,0.73,4.75,0.91,0.92,4.5,0.66,-0.83,2.1,3.0,3.78
H2_11',12:16:01,2H_11',1,2,-1.25,0.8,1.25,-0.95,-1.5,-0.92,1.5,0.73,4.75,0.91,0.92,4.5,0.66,-0.83,2.09,3.0,3.78
H2_11',12:16:11,2H_11',1,2,-1.25,0.81,1.25,-0.97,-1.5,-0.91,1.5,0.73,4.75,0.93,0.91,4.5,0.67,-0.83,2.1,2.99,3.78
H2_12',12:16:32,2H_12',1,2,-1.25,0.83,1.25,-0.98,-1.5,-0.89,1.5,0.71,4.75,0.95,0.88,4.5,0.7,-0.87,2.11,2.98,3.7
H2_12',12:16:42,2H_12',1,2,-1.25,0.82,1.25,-0.97,-1.5,-0.89,1.5,0.71,4.75,0.96,0.87,4.5,0.71,-0.88,2.13,2.96,3.78
H2_12',12:16:53,2H_12',1,2,-1.25,0.83,1.25,-0.99,-1.5,-0.87,1.5,0.71,4.75,0.97,0.86,4.5,0.71,-0.89,2.15,2.97,3.7
H2_12',12:17:03,2H_12',1,2,-1.25,0.83,1.25,-0.98,-1.5,-0.88,1.5,0.71,4.75,0.96,0.88,4.5,0.72,-0.88,2.15,2.98,3.7
H2_12',12:17:23,2H_12',1,2,-1.25,0.83,1.25,-0.99,-1.5,-0.88,1.5,0.71,4.75,0.98,0.86,4.5,0.72,-0.9,2.15,2.97,3.7
H2_13',12:17:44,2H_13',1,2,-1.25,0.86,1.25,0.98,-1.5,-0.86,1.5,0.69,4.75,1.0,0.84,4.5,0.73,-0.91,2.16,2.95,3.7
H2_12',12:17:54,2H_12',1,2,-1.25,0.88,1.25,0.96,-1.5,-0.83,1.5,0.68,4.75,-0.98,0.81,4.5,0.73,-0.91,2.18,2.92,3.63
H2_13',12:18:05,2H_13',1,2,-1.25,0.89,1.25,0.96,-1.5,-0.83,1.5,0.68,4.75,-0.98,0.81,4.5,0.76,-0.94,2.2,2.92,3.56
H2_13',12:18:25,2H_13',1,2,-1.25,0.9,1.25,0.95,-1.5,-0.83,1.5,0.67,4.75,-0.96,0.8,4.5,0.76,-0.94,2.21,2.92,3.56
H2_14',12:18:35,2H_14',1,2,-1.25,0.92,1.25,0.93,-1.5,-0.82,1.5,0.66,4.5,0.78,-0.96,4.75,-0.93,0.78,2.24,2.9,3.56
H2_14',12:18:46,2H_14',1,2,-1.25,0.93,1.25,0.92,-1.5,-0.81,1.5,0.65,4.5,0.8,-0.96,4.75,-0.94,0.76,2.24,2.89,3.56
H2_14',12:18:56,2H_14',1,2,-1.25,0.93,1.25,0.91,-1.5,-0.8,1.5,0.64,4.5,0.8,-0.96,4.75,-0.94,0.76,2.24,2.9,3.5
H2_14',12:19:17,2H_14',1,2,-1.25,0.95,1.25,0.89,-1.5,-0.79,1.5,0.64,4.5,0.82,-0.98,4.75,-0.93,0.74,2.26,2.89,3.5
H2_14',12:19:27,2H_14',1,2,-1.25,0.96,1.25,0.88,-1.5,-0.78,1.5,0.63,4.5,0.83,-0.99,4.75,-0.92,0.74,2.3,2.88,3.44
H2_15',12:19:37,2H_15',1,2,-1.25,0.97,1.25,0.87,-1.5,-0.76,1.5,0.61,4.5,0.85,0.99,4.75,-0.9,0.72,2.3,2.87,3.38
H2_15',12:19:58,2H_15',1,2,-1.25,0.99,1.25,0.85,-1.5,-0.76,1.5,0.61,4.5,0.86,0.98,4.75,-0.87,0.7,2.33,2.88,3.38
H2_15',12:20:18,2H_15',1,2,-1.25,1.0,1.25,0.84,-1.0,0.61,1.0,-0.75,4.5,0.87,0.97,4.75,-0.86,0.7,2.35,2.87,3.33
H2_15',12:20:29,2H_15',1,2,-1.25,-0.99,1.25,0.83,-1.0,0.61,1.0,-0.76,4.5,0.88,0.96,4.75,-0.85,0.69,2.35,2.87,3.33
H2_15',12:20:39,2H_15',1,2,-1.25,-0.98,1.25,0.83,-1.0,0.61,1.0,-0.77,4.5,0.9,0.93,4.75,-0.84,0.67,2.36,2.85,3.33
H2_15',12:20:49,2H_15',1,2,-1.25,-0.97,1.25,0.81,-1.0,0.62,1.0,-0.78,4.5,0.9,0.93,4.75,-0.83,0.67,2.37,2.86,3.33
H2_16',12:20:59,2H_16',1,2,-1.25,-0.96,1.25,0.8,-1.0,0.64,1.0,-0.79,4.5,0.91,0.93,4.75,-0.83,0.66,2.39,2.86,3.33
H2_15',12:21:10,2H_15',1,2,-1.25,-0.95,1.25,0.79,-1.0,0.65,1.0,-0.81,4.5,0.92,0.91,4.75,-0.82,0.66,2.41,2.85,3.27
H2_16',12:21:20,2H_16',1,2,-1.25,-0.92,1.25,0.77,-1.0,0.68,1.0,-0.84,4.5,0.96,0.87,4.25,0.63,-0.79,2.44,2.81,3.22
H2_16',12:21:41,2H_16',1,2,-1.25,-0.9,1.25,0.75,-1.0,0.7,1.0,-0.87,4.5,0.98,0.85,4.25,0.66,-0.82,2.48,2.79,3.17
H2_16',12:21:51,2H_16',1,2,-1.25,-0.89,1.25,0.75,-1.0,0.71,1.0,-0.88,4.5,0.99,0.84,4.25,0.66,-0.82,2.48,2.79,3.17
H2_16',12:22:01,2H_16',1,2,-1.25,-0.9,1.25,0.73,-1.0,0.72,1.0,-0.87,4.5,1.0,0.84,4.25,0.66,-0.83,2.52,2.79,3.13
H2_17',12:22:11,2H_17',1,2,-1.0,0.74,1.0,-0.88,-1.25,-0.88,1.25,0.72,4.5,-0.99,0.84,4.25,0.66,-0.83,2.5,2.79,3.13
H2_18',12:22:32,2H_18',1,2,-1.0,0.8,1.0,-0.96,-1.25,-0.83,1.25,0.67,4.5,1.0,0.84,4.25,0.68,-0.85,2.6,2.79,3.0
H2_18',12:23:13,2H_18',1,2,-1.0,0.85,1.0,0.99,-1.25,-0.79,1.25,0.63,4.5,1.0,0.83,4.25,0.67,-0.83,2.68,2.79,2.92
H2_18',12:23:23,2H_18',1,2,-1.0,0.86,1.0,0.98,-1.25,-0.78,1.25,0.63,4.5,1.0,0.83,4.25,0.67,-0.83,2.68,2.79,2.91
H2_19',12:23:34,2H_19',1,2,-1.0,0.88,1.0,0.96,-1.25,-0.78,1.25,0.62,4.5,-0.99,0.83,4.25,0.67,-0.83,2.7,2.78,2.9
H2_19',12:23:44,2H_19',1,2,-1.0,0.87,1.0,0.97,-1.25,-0.78,1.25,0.63,4.5,-0.98,0.81,4.25,0.68,-0.85,2.71,2.78,2.9
H2_19',12:23:54,2H_19',1,2,-1.0,0.87,1.0,0.96,-1.25,-0.78,1.25,0.63,4.5,-0.99,0.83,4.25,0.67,-0.83,2.71,2.78,2.9
H2_19',12:24:05,2H_19',1,2,-1.0,0.88,1.0,0.95,-0.75,0.63,0.75,-0.78,4.5,0.98,0.84,4.25,0.64,-0.83,2.71,2.78,2.89
H2_19',12:24:15,2H_19',1,2,-1.0,0.93,1.0,0.91,-0.75,0.65,0.75,-0.81,4.5,-0.98,0.81,4.25,0.69,-0.85,2.74,2.78,2.83
H2_19',12:24:25,2H_19',1,2,-1.0,0.97,1.0,0.87,-0.75,0.68,0.75,-0.85,4.5,-0.93,0.78,4.25,0.72,-0.89,2.79,2.78,2.77
H2_20',12:24:36,2H_20',1,2,-1.0,0.97,1.0,0.87,-0.75,0.69,0.75,-0.86,4.5,-0.93,0.77,4.25,0.72,-0.89,2.79,2.79,2.79
H2_20',12:24:46,2H_20',1,2,-1.0,1.0,1.0,0.84,-0.75,0.7,0.75,-0.86,4.25,0.77,-0.93,4.5,-0.9,0.72,2.84,2.77,2.78
H2_20',12:24:56,2H_20',1,2,-1.0,-0.98,1.0,0.83,-0.75,0.71,0.75,-0.88,4.25,0.79,-0.95,4.5,-0.88,0.71,2.84,2.8,2.75
H2_20',12:25:07,2H_20',1,2,-1.0,-0.99,1.0,0.83,-0.75,0.7,0.75,-0.87,4.25,0.79,-0.94,4.5,-0.9,0.72,2.82,2.79,2.77
H2_20',12:25:17,2H_20',1,2,-1.0,-0.97,1.0,0.81,-0.75,0.72,0.75,-0.89,4.25,0.81,-0.97,4.5,-0.87,0.7,2.91,2.77,2.71
H2_20',12:25:27,2H_20',1,2,-1.0,-0.95,1.0,0.8,-0.75,0.73,0.75,-0.9,4.25,0.81,-0.98,4.5,-0.87,0.7,2.93,2.76,2.71
H2_21',12:25:37,2H_21',1,2,-1.0,-0.94,1.0,0.79,-0.75,0.73,0.75,-0.9,4.25,0.82,-0.99,4.5,-0.86,0.69,2.94,2.76,2.69
H2_21',12:25:58,2H_21',1,2,-1.0,-0.95,1.0,0.79,-0.75,0.73,0.75,-0.89,4.25,0.84,0.99,4.5,-0.83,0.67,2.98,2.76,2.65
H2_21',12:26:08,2H_21',1,2,-1.0,-0.93,1.0,0.78,-0.75,0.74,0.75,-0.92,4.25,0.87,0.96,4.5,-0.81,0.65,3.0,2.76,2.64
H2_21',12:26:18,2H_21',1,2,-1.0,-0.9,1.0,0.75,-0.75,0.75,0.75,-0.93,4.25,0.89,0.94,4.5,-0.81,0.64,3.04,2.76,2.62
H2_21',12:26:29,2H_21',1,2,-1.0,-0.89,1.0,0.74,-0.75,0.75,0.75,-0.93,4.25,0.89,0.94,4.5,-0.79,0.64,3.04,2.76,2.62
H2_21',12:26:49,2H_21',1,2,-0.75,0.8,0.75,-0.96,-1.0,-0.85,1.0,0.69,4.25,0.95,0.89,4.5,-0.76,0.61,3.17,2.74,2.54
H2_22',12:27:00,2H_22',1,2,-0.75,0.8,0.75,-0.96,-1.0,-0.85,1.0,0.69,4.25,0.95,0.89,4.5,-0.76,0.61,3.17,2.74,2.54
H2_22',12:27:21,2H_22',1,2,-0.75,0.82,0.75,-0.98,-1.0,-0.83,1.0,0.67,4.25,0.98,0.85,4.5,-0.74,0.59,3.22,2.75,2.51
H2_22',12:27:41,2H_22',1,2,-0.75,0.83,0.75,-0.99,-1.0,-0.81,1.0,0.66,4.25,1.0,0.85,4.5,-0.74,0.59,3.22,2.75,2.49
H2_23',12:27:51,2H_23',1,2,-0.75,0.83,0.75,-0.99,-1.0,-0.81,1.0,0.65,4.25,-0.99,0.84,4.5,-0.73,0.57,3.27,2.73,2.49
H2_23',12:28:02,2H_23',1,2,-0.75,0.79,0.75,-0.93,-1.0,-0.8,1.0,0.64,4.25,-0.98,0.82,4.0,0.58,-0.73,3.33,2.7,2.48
H2_23',12:28:12,2H_23',1,2,-0.75,0.79,0.75,-0.95,-1.0,-0.79,1.0,0.63,4.25,-0.97,0.8,4.0,0.6,-0.75,3.33,2.73,2.43
H2_23',12:28:22,2H_23',1,2,-0.75,0.81,0.75,-0.96,-1.0,-0.78,1.0,0.62,4.25,-0.97,0.8,4.0,0.6,-0.75,3.38,2.73,2.43
H2_24',12:28:33,2H_24',1,2,-0.75,0.81,0.75,-0.96,-1.0,-0.76,1.0,0.61,4.25,-0.95,0.79,4.0,0.62,-0.76,3.44,2.73,2.41
H2_24',12:28:53,2H_24',1,2,-0.75,0.82,0.75,-0.98,-1.0,-0.75,1.0,0.6,4.25,-0.92,0.77,4.0,0.63,-0.78,3.44,2.7,2.39
H2_24',12:29:14,2H_24',1,2,-0.75,0.84,0.75,1.0,-1.0,-0.75,1.0,0.6,4.25,-0.9,0.75,4.0,0.65,-0.81,3.5,2.68,2.38
H2_24',12:29:24,2H_24',1,2,-0.75,0.85,0.75,1.0,-0.5,0.58,0.5,-0.73,4.25,-0.88,0.73,4.0,0.67,-0.83,3.56,2.68,2.38
H2_25',12:29:34,2H_25',1,2,-0.75,0.86,0.75,0.98,-0.5,0.6,0.5,-0.74,4.25,-0.88,0.72,4.0,0.67,-0.83,3.56,2.68,2.37
H2_25',12:29:55,2H_25',1,2,-0.75,0.87,0.75,0.97,-0.5,0.59,0.5,-0.74,4.25,-0.87,0.7,4.0,0.69,-0.85,3.56,2.69,2.34
H2_24',12:30:05,2H_24',1,2,-0.75,0.88,0.75,0.97,-0.5,0.6,0.5,-0.74,4.0,0.71,-0.85,4.25,-0.85,0.68,3.7,2.69,2.33
H2_25',12:30:16,2H_25',1,2,-0.75,0.89,0.75,0.94,-0.5,0.6,0.5,-0.76,4.0,0.72,-0.88,4.25,-0.85,0.68,3.7,2.69,2.33
H2_25',12:30:36,2H_25',1,2,-0.75,0.91,0.75,0.94,-0.5,0.61,0.5,-0.76,4.0,0.76,-0.91,4.25,-0.82,0.66,3.7,2.68,2.32
H2_26',12:30:57,2H_26',1,2,-0.75,0.91,0.75,0.94,-0.5,0.61,0.5,-0.76,4.0,0.76,-0.92,4.25,-0.8,0.64,3.7,2.68,2.32
H2_26',12:31:07,2H_26',1,2,-0.75,0.9,0.75,0.94,-0.5,0.61,0.5,-0.76,4.0,0.78,-0.94,4.25,-0.79,0.64,3.7,2.68,2.32
H2_26',12:31:17,2H_26',1,2,-0.75,0.89,0.75,0.95,-0.5,0.61,0.5,-0.76,4.0,0.78,-0.93,4.25,-0.79,0.64,3.78,2.67,2.27
H2_26',12:31:28,2H_26',1,2,-0.75,0.9,0.75,0.94,-0.5,0.6,0.5,-0.75,4.0,0.78,-0.93,4.25,-0.78,0.63,3.78,2.67,2.27
H2_27',12:31:38,2H_27',1,2,-0.75,0.9,0.75,0.94,-0.5,0.62,0.5,-0.78,4.0,0.8,-0.97,4.25,-0.78,0.62,3.78,2.67,2.26
H2_26',12:31:48,2H_26',1,2,-0.75,0.93,0.75,0.91,-0.5,0.64,0.5,-0.79,4.0,0.81,-0.97,4.25,-0.77,0.62,3.86,2.67,2.27
H2_27',12:31:59,2H_27',1,2,-0.75,0.93,0.75,0.91,-0.5,0.63,0.5,-0.78,4.0,0.84,0.99,4.25,-0.75,0.6,3.86,2.67,2.27
H2_27',12:32:09,2H_27',1,2,-0.75,0.94,0.75,0.9,-0.5,0.63,0.5,-0.78,4.0,0.87,0.96,4.25,-0.73,0.58,3.94,2.67,2.24
H2_27',12:32:19,2H_27',1,2,-0.75,0.95,0.75,0.89,-0.5,0.64,0.5,-0.79,4.0,0.87,0.96,4.25,-0.73,0.58,4.0,2.67,2.23
H2_27',12:32:29,2H_27',1,2,-0.75,0.97,0.75,0.87,-0.5,0.65,0.5,-0.8,4.0,0.88,0.96,4.25,-0.73,0.58,4.0,2.67,2.22
H2_28',12:32:40,2H_28',1,2,-0.75,0.97,0.75,0.87,-0.5,0.67,0.5,-0.83,4.0,0.9,0.94,4.25,-0.72,0.57,4.0,2.67,2.22
H2_28',12:32:50,2H_28',1,2,-0.75,0.98,0.75,0.85,-0.5,0.68,0.5,-0.85,4.0,0.9,0.93,4.25,-0.72,0.57,4.0,2.67,2.21
H2_28',12:33:00,2H_28',1,2,-0.75,0.97,0.75,0.87,-0.5,0.67,0.5,-0.83,4.0,0.9,0.93,4.25,-0.72,0.57,4.0,2.67,2.21
H2_28',12:33:10,2H_28',1,2,-0.75,0.99,0.75,0.85,-0.5,0.67,0.5,-0.83,4.0,0.94,0.89,3.75,0.56,-0.71,4.12,2.67,2.19
H2_28',12:33:21,2H_28',1,2,-0.75,-0.99,0.75,0.83,-0.5,0.68,0.5,-0.85,4.0,0.93,0.9,3.75,0.56,-0.72,4.23,2.67,2.16
H2_28',12:33:31,2H_28',1,2,-0.75,-0.97,0.75,0.81,-0.5,0.69,0.5,-0.85,4.0,0.95,0.88,3.75,0.57,-0.73,4.23,2.66,2.15
H2_28',12:33:41,2H_28',1,2,-0.75,-0.98,0.75,0.82,-0.5,0.69,0.5,-0.85,4.0,0.99,0.85,3.75,0.59,-0.74,4.23,2.66,2.18
H2_28',12:33:52,2H_28',1,2,-0.75,-0.97,0.75,0.81,-0.5,0.7,0.5,-0.88,4.0,-0.99,0.83,3.75,0.6,-0.76,4.23,2.66,2.15
H2_29',12:34:02,2H_29',1,2,-0.75,-0.97,0.75,0.81,-0.5,0.71,0.5,-0.88,4.0,-0.97,0.81,3.75,0.61,-0.77,4.23,2.66,2.15
H2_29',12:34:12,2H_29',1,2,-0.75,-0.95,0.75,0.8,-0.5,0.72,0.5,-0.88,4.0,-0.94,0.79,3.75,0.63,-0.78,4.33,2.66,2.12
H2_29',12:34:22,2H_29',1,2,-0.75,-0.94,0.75,0.77,-0.5,0.74,0.5,-0.88,4.0,-0.93,0.76,3.75,0.64,-0.8,4.33,2.66,2.1
H2_29',12:34:33,2H_29',1,2,-0.75,-0.93,0.75,0.75,-0.5,0.74,0.5,-0.9,4.0,-0.91,0.76,3.75,0.65,-0.81,4.5,2.67,2.09
H2_30',12:34:43,2H_30',1,2,-0.75,-0.92,0.75,0.75,-0.5,0.74,0.5,-0.9,4.0,-0.89,0.74,3.75,0.65,-0.81,4.5,2.67,2.08
H2_30',12:34:53,2H_30',1,2,-0.5,0.77,0.5,-0.93,-0.75,-0.89,0.75,0.72,4.0,-0.85,0.71,3.75,0.68,-0.85,4.57,2.67,2.06
H2_30',12:35:03,2H_30',1,2,-0.75,-0.91,0.75,0.76,-0.5,0.74,0.5,-0.93,4.0,-0.85,0.71,3.75,0.68,-0.85,4.5,2.67,2.07
H2_30',12:35:24,2H_30',1,2,-0.5,0.77,0.5,-0.94,-0.75,-0.88,0.75,0.74,3.75,0.74,-0.88,4.0,-0.8,0.65,4.7,2.68,2.05
H2_31',12:35:34,2H_31',1,2,-0.5,0.8,0.5,-0.95,-0.75,-0.86,0.75,0.7,3.75,0.76,-0.9,4.0,-0.78,0.62,4.7,2.68,2.05
H2_31',12:35:44,2H_31',1,2,-0.5,0.79,0.5,-0.95,-0.75,-0.87,0.75,0.7,3.75,0.75,-0.91,4.0,-0.78,0.63,4.7,2.67,2.03
H2_31',12:35:55,2H_31',1,2,-0.5,0.8,0.5,-0.96,-0.75,-0.85,0.75,0.69,3.75,0.75,-0.91,4.0,-0.78,0.63,4.85,2.68,2.01
H2_31',12:36:05,2H_31',1,2,-0.5,0.81,0.5,-0.97,-0.75,-0.85,0.75,0.69,3.75,0.77,-0.93,4.0,-0.76,0.61,4.85,2.68,2.01
H2_31',12:36:15,2H_31',1,2,-0.5,0.81,0.5,-0.98,-0.75,-0.84,0.75,0.68,3.75,0.78,-0.94,4.0,-0.74,0.59,4.85,2.69,2.01
H2_31',12:36:26,2H_31',1,2,-0.5,0.83,0.5,-0.98,-0.75,-0.83,0.75,0.67,3.75,0.79,-0.95,4.0,-0.73,0.58,5.0,2.69,1.99
H2_32',12:36:36,2H_32',1,2,-0.5,0.83,0.5,-0.99,-0.75,-0.83,0.75,0.67,3.75,0.8,-0.96,4.0,-0.72,0.57,5.0,2.69,1.98
H2_31',12:36:46,2H_31',1,2,-0.5,0.84,0.5,1.0,-0.75,-0.81,0.75,0.65,3.75,0.81,-0.97,4.0,-0.71,0.56,5.0,2.69,1.98
H2_31',12:36:56,2H_31',1,2,-0.5,0.85,0.5,1.0,-0.75,-0.8,0.75,0.65,3.75,0.81,-0.98,4.0,-0.72,0.57,5.0,2.69,1.97
H2_32',12:37:07,2H_32',1,2,-0.5,0.85,0.5,0.99,-0.75,-0.79,0.75,0.64,3.75,0.83,1.0,3.5,0.57,-0.71,5.17,2.69,1.95
H2_32',12:37:17,2H_32',1,2,-0.5,0.87,0.5,0.96,-0.75,-0.78,0.75,0.63,3.75,0.86,0.97,3.5,0.57,-0.73,5.35,2.7,1.94
H2_32',12:37:27,2H_32',1,2,-0.5,0.88,0.5,0.96,-0.75,-0.77,0.75,0.62,3.75,0.86,0.97,3.5,0.58,-0.74,5.35,2.7,1.93
H2_33',12:37:37,2H_33',1,2,-0.5,0.89,0.5,0.95,-0.75,-0.76,0.75,0.62,3.75,0.87,0.97,3.5,0.58,-0.74,5.35,2.72,1.93
H2_33',12:37:48,2H_33',1,2,-0.5,0.91,0.5,0.93,-0.75,-0.76,0.75,0.61,3.75,0.87,0.97,3.5,0.58,-0.74,5.35,2.72,1.92
H2_33',12:38:08,2H_33',1,2,-0.5,0.92,0.5,0.92,-0.75,-0.74,0.75,0.58,3.75,0.92,0.91,3.5,0.61,-0.76,5.5,2.7,1.9
H2_33',12:38:29,2H_33',1,2,-0.5,0.96,0.5,0.88,-0.75,-0.72,0.75,0.57,3.75,0.98,0.86,3.5,0.65,-0.81,5.75,2.75,1.87
H2_34',12:38:39,2H_34',1,2,-0.5,0.95,0.5,0.89,-0.75,-0.72,0.75,0.57,3.75,0.99,0.85,3.5,0.64,-0.81,5.75,2.75,1.88
H2_34',12:38:49,2H_34',1,2,-0.5,0.94,0.5,0.9,-0.75,-0.72,0.75,0.58,3.75,0.99,0.85,3.5,0.64,-0.81,5.5,2.72,1.89
H2_34',12:39:00,2H_34',1,2,-0.5,0.95,0.5,0.89,-0.75,-0.71,0.75,0.57,3.75,0.98,0.87,3.5,0.64,-0.79,5.75,2.72,1.87
H2_34',12:39:10,2H_34',1,2,-0.5,0.96,0.5,0.87,-0.75,-0.71,0.75,0.56,3.75,0.99,0.84,3.5,0.66,-0.82,5.75,2.72,1.87
H2_34',12:39:20,2H_34',1,2,-0.5,0.97,0.5,0.87,-0.75,-0.7,0.75,0.55,3.75,-0.99,0.83,3.5,0.66,-0.82,6.0,2.75,1.85
H2_34',12:39:30,2H_34',1,2,-0.5,1.0,0.5,0.85,-0.75,-0.69,0.75,0.55,3.75,-0.98,0.82,3.5,0.66,-0.82,6.0,2.75,1.84
H2_34',12:39:41,2H_34',1,2,-0.5,0.98,0.5,0.86,-0.75,-0.69,0.75,0.55,3.75,1.0,0.84,3.5,0.66,-0.83,6.0,2.76,1.84
H2_35',12:39:51,2H_35',1,2,-0.5,1.0,0.5,0.85,-0.75,-0.69,0.75,0.54,3.75,1.0,0.83,3.5,0.67,-0.83,6.0,2.76,1.84
H2_35',12:40:01,2H_35',1,2,-0.5,-0.99,0.5,0.84,-0.75,-0.68,0.75,0.54,3.75,-0.96,0.8,3.5,0.69,-0.85,6.0,2.77,1.82
H2_35',12:40:11,2H_35',1,2,-0.5,-0.99,0.5,0.83,-0.25,0.55,0.25,-0.7,3.75,-0.96,0.8,3.5,0.69,-0.85,6.25,2.77,1.81
H2_36',12:40:32,2H_36',1,2,-0.5,-0.97,0.5,0.82,-0.25,0.54,0.25,-0.7,3.75,-0.93,0.77,3.5,0.69,-0.87,6.5,2.78,1.8
H2_36',12:40:42,2H_36',1,2,-0.5,-0.95,0.5,0.8,-0.25,0.55,0.25,-0.7,3.75,-0.9,0.74,3.5,0.72,-0.91,6.25,2.79,1.8
H2_36',12:40:52,2H_36',1,2,-0.5,-0.95,0.5,0.79,-0.25,0.56,0.25,-0.71,3.5,0.76,-0.92,3.75,-0.89,0.72,6.5,2.76,1.79
H2_36',12:41:03,2H_36',1,2,-0.5,-0.93,0.5,0.77,-0.25,0.56,0.25,-0.71,3.5,0.78,-0.93,3.75,-0.88,0.71,6.75,2.77,1.78
H2_36',12:41:23,2H_36',1,2,-0.5,-0.9,0.5,0.76,-0.25,0.59,0.25,-0.74,3.5,0.81,-0.97,3.75,-0.83,0.66,7.0,2.76,1.75
H2_36',12:41:44,2H_36',1,2,-0.5,-0.88,0.5,0.74,-0.25,0.59,0.25,-0.74,3.5,0.83,-0.99,3.75,-0.81,0.66,7.25,2.78,1.74
H2_37',12:41:54,2H_37',1,2,-0.5,-0.85,0.5,0.7,-0.25,0.63,0.25,-0.78,3.5,0.86,0.98,3.75,-0.79,0.63,7.5,2.81,1.71
H2_37',12:42:14,2H_37',1,2,-0.5,-0.84,0.5,0.68,-0.25,0.66,0.25,-0.8,3.5,0.9,0.94,3.75,-0.75,0.59,8.25,2.85,1.67
H2_37',12:42:25,2H_37',1,2,-0.5,-0.83,0.5,0.67,-0.25,0.67,0.25,-0.81,3.5,0.91,0.93,3.75,-0.74,0.58,8.25,2.86,1.67
H2_37',12:42:35,2H_37',1,2,-0.5,-0.82,0.5,0.68,-0.25,0.66,0.25,-0.81,3.5,0.92,0.92,3.75,-0.72,0.57,8.25,2.84,1.66
H2_37',12:42:45,2H_37',1,2,-0.25,0.68,0.25,-0.83,-0.5,-0.81,0.5,0.65,3.5,0.93,0.91,3.75,-0.72,0.57,8.5,2.88,1.64
H2_38',12:42:56,2H_38',1,2,-0.25,0.68,0.25,-0.83,-0.5,-0.81,0.5,0.65,3.5,0.95,0.89,3.75,-0.71,0.56,8.75,2.88,1.64
H2_38',12:43:06,2H_38',1,2,-0.25,0.7,0.25,-0.84,-0.5,-0.79,0.5,0.64,3.5,0.96,0.87,3.75,-0.69,0.53,9.0,2.9,1.62
H2_38',12:43:16,2H_38',1,2,-0.25,0.7,0.25,-0.85,-0.5,-0.79,0.5,0.63,3.5,0.98,0.85,3.75,-0.67,0.52,9.0,2.91,1.62
H2_38',12:43:37,2H_38',1,2,-0.25,0.71,0.25,-0.86,-0.5,-0.78,0.5,0.63,3.5,0.98,0.85,3.75,-0.68,0.53,9.0,2.91,1.62
H2_38',12:43:47,2H_38',1,2,-0.25,0.73,0.25,-0.88,-0.5,-0.77,0.5,0.61,3.5,0.99,0.85,3.75,-0.67,0.53,9.25,2.92,1.6
H2_39',12:43:57,2H_39',1,2,-0.25,0.73,0.25,-0.88,-0.5,-0.76,0.5,0.61,3.5,0.98,0.86,3.75,-0.68,0.54,9.5,2.92,1.61
H2_39',12:44:07,2H_39',1,2,-0.25,0.76,0.25,-0.9,-0.5,-0.74,0.5,0.58,3.5,-0.97,0.81,3.75,-0.65,0.51,10.0,2.94,1.58
H2_39',12:44:18,2H_39',1,2,-0.25,0.77,0.25,-0.91,-0.5,-0.74,0.5,0.58,3.5,-0.99,0.82,3.75,-0.63,0.49,10.25,2.98,1.56
H2_39',12:44:28,2H_39',1,2,-0.25,0.78,0.25,-0.93,-0.5,-0.72,0.5,0.57,3.5,-0.98,0.81,3.75,-0.64,0.49,10.0,2.96,1.57
H2_39',12:44:38,2H_39',1,2,-0.25,0.79,0.25,-0.94,-0.5,-0.71,0.5,0.57,3.5,-0.96,0.81,3.75,-0.63,0.49,10.0,2.96,1.57
H2_39',12:44:48,2H_39',1,2,-0.25,0.8,0.25,-0.94,-0.5,-0.72,0.5,0.57,3.5,-0.96,0.81,3.75,-0.64,0.5,10.25,2.96,1.56
H2_39',12:44:59,2H_39',1,2,-0.25,0.83,0.25,-0.99,-0.5,-0.68,0.5,0.53,3.5,-0.91,0.77,3.75,-0.6,0.46,10.0,3.04,1.53
H2_40',12:45:09,2H_40',1,2,-0.25,0.84,0.25,-0.99,-0.5,-0.68,0.5,0.53,3.5,-0.91,0.76,3.75,-0.59,0.45,10.0,3.04,1.53
H2_40',12:45:19,2H_40',1,2,-0.25,0.84,0.25,1.0,-0.5,-0.68,0.5,0.53,3.5,-0.9,0.75,3.75,-0.58,0.44,10.25,3.04,1.53
H2_41',12:45:29,2H_41',1,2,-0.25,0.86,0.25,1.0,-0.5,-0.65,0.5,0.51,3.5,-0.88,0.74,3.75,-0.58,0.45,12.0,3.13,1.5
H2_41',12:45:40,2H_41',1,2,-0.25,0.88,0.25,0.98,-0.5,-0.65,0.5,0.5,3.5,-0.83,0.7,3.75,-0.58,0.45,12.0,3.13,1.5
H2_41',12:45:50,2H_41',1,2,-0.25,0.89,0.25,0.97,-0.5,-0.63,0.5,0.49,3.5,-0.81,0.68,3.75,-0.51,0.38,12.75,3.13,1.49
H2_41',12:46:00,2H_41',1,2,-0.25,0.94,0.25,0.92,-0.5,-0.61,0.5,0.48,3.5,-0.76,0.64,3.75,-0.5,0.38,13.5,3.13,1.46
H2_41',12:46:11,2H_41',1,2,-0.25,0.98,0.25,0.89,-0.5,-0.6,0.5,0.46,3.5,-0.75,0.63,3.75,-0.49,0.36,13.75,3.13,1.48
H2_41',12:46:21,2H_41',1,2,-0.25,-0.96,0.25,0.83,-0.5,-0.6,0.5,0.46,3.5,-0.71,0.59,3.75,-0.43,0.32,12.0,3.17,1.45
H2_42',12:46:31,2H_42',1,2,-0.25,-0.93,0.25,0.8,-0.5,-0.54,0.5,0.41,3.5,-0.68,0.57,3.75,-0.42,0.3,12.75,3.27,1.43
H2_42',12:46:41,2H_42',1,2,-0.25,-0.97,0.25,0.84,-0.5,-0.56,0.5,0.43,3.5,-0.69,0.57,3.75,-0.42,0.3,15.5,3.27,1.43
H2_42',12:46:52,2H_42',1,2,-0.25,-0.96,0.25,0.83,-0.5,-0.56,0.5,0.42,3.5,-0.69,0.57,3.75,-0.42,0.3,13.0,3.33,1.41
H2_42',12:47:02,2H_42',1,2,-0.25,-0.96,0.25,0.82,-0.5,-0.56,0.5,0.42,3.5,-0.69,0.57,3.75,-0.42,0.3,15.75,3.33,1.41
H2_42',12:47:12,2H_42',1,2,-0.25,-0.91,0.25,0.78,-0.5,-0.54,0.5,0.41,3.5,-0.67,0.54,3.75,-0.41,0.29,17.25,3.33,1.4
H2_42',12:47:22,2H_42',1,2,-0.25,-0.93,0.25,0.8,-0.5,-0.54,0.5,0.41,3.5,-0.65,0.53,3.75,-0.41,0.3,16.75,3.33,1.4
H2_43',12:47:43,2H_43',1,2,-0.25,-0.88,0.25,0.75,-0.5,-0.51,0.5,0.38,3.5,-0.65,0.53,3.75,-0.4,0.29,18.0,3.44,1.38
H2_43',12:48:03,2H_43',1,2,-0.25,-0.86,0.25,0.73,-0.5,-0.49,0.5,0.37,3.5,-0.6,0.48,3.75,-0.38,0.26,18.0,3.44,1.36
H2_43',12:48:14,2H_43',1,2,-0.25,-0.85,0.25,0.72,-0.5,-0.48,0.5,0.36,3.5,-0.6,0.48,3.75,-0.38,0.26,16.25,3.5,1.36
H2_43',12:48:24,2H_43',1,2,-0.25,-0.85,0.25,0.71,-0.5,-0.47,0.5,0.35,3.5,-0.57,0.46,3.75,-0.37,0.26,17.0,3.5,1.35
H2_43',12:48:34,2H_43',1,2,-0.25,-0.83,0.25,0.7,-0.5,-0.47,0.5,0.35,3.5,-0.57,0.46,3.75,-0.36,0.25,20.5,3.56,1.34
H2_44',12:48:44,2H_44',1,2,-0.25,-0.83,0.25,0.7,-0.5,-0.46,0.5,0.33,3.5,-0.56,0.44,3.75,-0.36,0.25,18.0,3.63,1.33
H2_44',12:48:55,2H_44',1,2,-0.25,-0.78,0.25,0.65,-0.5,-0.44,0.5,0.32,3.5,-0.53,0.42,3.75,-0.33,0.23,24.0,3.78,1.31
H2_44',12:49:05,2H_44',1,2,-0.25,-0.76,0.25,0.64,-0.5,-0.44,0.5,0.32,3.5,-0.53,0.42,3.75,-0.33,0.22,24.5,3.86,1.3
H2_44',12:49:15,2H_44',1,2,-0.25,-0.72,0.25,0.6,-0.5,-0.41,0.5,0.3,3.5,-0.51,0.4,3.75,-0.31,0.2,20.5,3.86,1.29
H2_44',12:49:26,2H_44',1,2,-0.25,-0.69,0.25,0.58,-0.5,-0.4,0.5,0.29,3.5,-0.5,0.39,3.75,-0.31,0.2,25.5,3.86,1.29
H2_45',12:49:36,2H_45',1,2,-0.25,-0.72,0.25,0.6,-0.5,-0.41,0.5,0.3,3.5,-0.49,0.38,3.75,-0.31,0.2,25.5,3.94,1.28
H2_45',12:49:46,2H_45',1,2,-0.25,-0.71,0.25,0.59,-0.5,-0.41,0.5,0.3,3.5,-0.49,0.38,3.75,-0.31,0.2,25.5,3.94,1.28
H2_45',12:49:56,2H_45',1,2,-0.25,-0.59,0.25,0.48,-0.5,-0.35,0.5,0.23,3.5,-0.4,0.3,3.75,-0.24,0.15,29.5,4.23,1.24
H2_45',12:50:17,2H_45',1,2,-0.25,-0.57,0.25,0.46,-0.5,-0.33,0.5,0.22,3.5,-0.39,0.29,3.75,-0.24,0.14,33.5,4.57,1.22
H2_45',12:50:27,2H_45',1,2,-0.25,-0.54,0.25,0.43,-0.5,-0.32,0.5,0.21,3.5,-0.38,0.27,3.75,-0.22,0.13,37.0,4.7,1.2
H2_45',12:50:48,2H_45',1,2,-0.25,-0.51,0.25,0.4,-0.5,-0.3,0.5,0.19,3.5,-0.36,0.25,3.75,-0.21,0.12,39.0,4.85,1.18
H2_46',12:51:08,2H_46',1,2,-0.25,-0.49,0.25,0.39,-0.5,-0.29,0.5,0.18,3.5,-0.33,0.23,3.75,-0.21,0.11,44.5,5.0,1.17
H2_46',12:51:19,2H_46',1,2,0,0.12,0,-0.2,0,0.0,0,0.0,3.5,-0.32,0.22,3.75,-0.2,0.11,50.0,5.0,1.17
H2_47',12:51:29,2H_47',1,2,-0.25,-0.45,0.25,0.34,0,0.12,0,-0.2,3.5,-0.32,0.21,3.75,-0.19,0.1,47.0,5.17,1.16
H2_47',12:51:39,2H_47',1,2,-0.25,-0.43,0.25,0.32,-0.5,-0.26,0.5,0.15,3.5,-0.3,0.19,3.75,-0.18,0.09,55.0,5.5,1.14
H2_47',12:51:50,2H_47',1,2,-0.25,-0.42,0.25,0.32,-0.5,-0.25,0.5,0.15,3.5,-0.3,0.19,3.75,-0.18,0.09,55.0,5.75,1.13
H2_47',12:52:00,2H_47',1,2,-0.25,-0.38,0.25,0.28,0,0.12,0,-0.2,3.5,-0.27,0.17,3.75,-0.17,0.08,60.0,6.0,1.12
H2_47',12:52:10,2H_47',1,2,-0.25,-0.37,0.25,0.27,0,0.12,0,-0.2,3.5,-0.26,0.16,0,0.0,0.0,65.0,6.25,1.11
H2_47',12:52:20,2H_47',1,2,-0.25,-0.36,0.25,0.26,0,0.0,0,0.0,3.5,-0.26,0.16,0,0.0,0.0,65.0,6.5,1.11
H2_48',12:52:31,2H_48',1,2,-0.25,-0.33,0.25,0.23,0,0.0,0,0.0,3.5,-0.24,0.15,0,0.0,0.0,70.0,6.75,1.1
H2_48',12:52:41,2H_48',1,2,-0.25,-0.32,0.25,0.22,0,0.0,0,0.0,3.5,-0.24,0.14,0,0.0,0.0,80.0,7.0,1.09
H2_48',12:52:51,2H_48',1,2,-0.25,-0.31,0.25,0.21,0,0.0,0,0.0,3.5,-0.24,0.14,0,0.0,0.0,80.0,7.5,1.09
H2_48',12:53:01,2H_48',1,2,0,0.12,0,-0.2,0,0.0,0,0.0,3.5,-0.2,0.11,0,0.0,0.0,90.0,7.75,1.08
H2_48',12:53:22,2H_48',1,2,-0.25,-0.32,0.25,0.23,0,0.0,0,0.0,3.5,-0.22,0.13,0,0.0,0.0,100.0,7.75,1.08
H2_49',12:53:32,2H_49',1,2,0,0.0,0,0.0,0,0.0,0,0.0,3.5,-0.22,0.13,0,0.0,0.0,150.0,8.25,1.07
H2_49',12:53:53,2H_49',1,2,0,0.12,0,-0.2,0,0.0,0,0.0,3.5,-0.14,0.09,0,0.0,0.0,170.0,8.75,1.06
H2_49',12:54:24,2H_49',1,2,0,0.0,0,0.0,0,0.0,0,0.0,0,0.0,0.0,0,0.0,0.0,130.0,8.0,1.07
H2_50',12:54:34,2H_50',1,2,0,0.0,0,0.0,0,0.0,0,0.0,0,0.0,0.0,0,0.0,0.0,130.0,6.75,1.07
AWAY_GOAL_50',12:55:25,2H_50',1,3,0,0.0,0,0.0,0,0.0,0,0.0,0,0.0,0.0,0,0.0,0.0,0.0,0.0,0.0
H2_51',12:55:35,2H_51',1,3,0,0.0,0,0.0,0,0.0,0,0.0,0,0.0,0.0,0,0.0,0.0,0.0,0.0,0.0
H2_52',12:57:08,2H_52',1,3,0,0.0,0,0.0,0,0.0,0,0.0,0,0.0,0.0,0,0.0,0.0,0.0,0.0,0.0
H2_53',12:58:09,2H_53',1,3,0,0.0,0,0.0,0,0.0,0,0.0,0,0.0,0.0,0,0.0,0.0,0.0,0.0,0.0
